word,mean_change,std_change,ci_low,ci_high,n_trials,z_score
左脚,0.073160,0.096612,-0.053797,0.152333,4,0.757257
太阳,0.067891,0.064554,-0.017152,0.119810,4,1.051693
胸膛,0.066915,0.018479,0.049811,0.090570,4,3.621129
火焰,0.063103,0.020800,0.039617,0.083277,4,3.033737
灵魂,0.060426,0.065057,0.006048,0.141058,4,0.928808
血液,0.058532,0.063190,0.000257,0.134235,4,0.926281
一针,0.055187,0.076143,-0.033706,0.139182,4,0.724781
疼痛,0.054584,0.053151,-0.015924,0.096485,4,1.026960
波浪,0.054027,0.064573,-0.030540,0.103692,4,0.836688
拳头,0.052498,0.078646,-0.006177,0.155969,4,0.667519
针刺,0.051846,0.061839,0.006691,0.132012,4,0.838401
右脚,0.051000,0.087072,-0.063901,0.118907,4,0.585721
身子,0.050756,0.024349,0.018269,0.068836,4,2.084495
上帝,0.048419,0.108609,-0.059294,0.178506,4,0.445813
浑身,0.048341,0.036730,0.012306,0.089647,4,1.316130
喉咙,0.047581,0.036540,0.009017,0.088903,4,1.302155
石子,0.047228,0.092501,-0.041415,0.127114,4,0.510575
冷水,0.046511,0.021608,0.018836,0.065752,4,2.152480
李英,0.045657,0.041160,-0.008430,0.076756,4,1.109252
热气,0.045406,0.029271,0.013792,0.073786,4,1.551255
旷野,0.045290,0.054052,-0.002054,0.115530,4,0.837890
念头,0.042685,0.047633,-0.018458,0.086356,4,0.896127
哥儿俩,0.042329,0.046667,-0.013391,0.090686,4,0.907042
假装,0.042086,0.035800,-0.006298,0.064301,4,1.175601
黑影,0.041854,0.075160,-0.046997,0.120436,4,0.556863
劲儿,0.041056,0.035246,0.002578,0.074739,4,1.164825
上房,0.040376,0.067303,-0.022203,0.118322,4,0.599921
身体,0.040259,0.029549,0.002409,0.067579,4,1.362437
石头,0.038590,0.036215,-0.006336,0.073368,4,1.065579
傻小子,0.037691,0.076130,-0.050622,0.104875,4,0.495091
五脏,0.037452,0.061607,-0.013597,0.113773,4,0.607924
月光,0.036848,0.073167,-0.035873,0.116342,4,0.503611
疙瘩,0.036697,0.077060,-0.049693,0.121923,4,0.476208
情感,0.036418,0.078469,-0.046101,0.107203,4,0.464098
对准,0.036417,0.082014,-0.058687,0.126823,4,0.444038
右手,0.035572,0.111097,-0.110233,0.127666,4,0.320184
侠客,0.035539,0.041168,0.000152,0.081140,4,0.863264
热泪,0.035352,0.040903,-0.008479,0.075763,4,0.864290
手心,0.034964,0.072750,-0.036042,0.126184,4,0.480597
双手,0.034732,0.063140,-0.031164,0.111353,4,0.550075
胳膊,0.034718,0.028989,0.001998,0.067443,4,1.197624
消失,0.034462,0.085610,-0.059176,0.117439,4,0.402550
张旺,0.034113,0.038428,0.000423,0.084068,4,0.887710
深藏,0.033642,0.070094,-0.049838,0.106194,4,0.479955
肉体,0.033263,0.094060,-0.061616,0.146347,4,0.353636
肩头,0.032760,0.024890,0.017076,0.066235,4,1.316167
大门,0.032683,0.036743,-0.006888,0.067024,4,0.889526
空气,0.032607,0.061656,-0.040287,0.089591,4,0.528854
人世,0.032282,0.050560,-0.020463,0.092305,4,0.638489
气味,0.032129,0.046081,-0.013651,0.080133,4,0.697227
火烧,0.031850,0.095935,-0.055118,0.145134,4,0.331994
生长,0.031560,0.095554,-0.053086,0.155006,4,0.330290
敌人,0.031542,0.080925,-0.069991,0.105598,4,0.389774
眼望,0.031529,0.095944,-0.078741,0.139118,4,0.328616
力量,0.031509,0.069314,-0.042560,0.098435,4,0.454587
人类,0.031491,0.133883,-0.113979,0.181452,4,0.235216
钢刀,0.031446,0.110498,-0.114376,0.121336,4,0.284580
用力,0.031443,0.062137,-0.025514,0.111009,4,0.506027
屁股,0.031423,0.040323,-0.022650,0.060463,4,0.779293
神经,0.031110,0.054478,-0.031674,0.079229,4,0.571053
手掌,0.029877,0.072323,-0.046663,0.115513,4,0.413109
光辉,0.029147,0.048420,-0.027544,0.081748,4,0.601956
旅馆,0.028735,0.067241,-0.040446,0.110968,4,0.427350
英雄,0.028660,0.061857,-0.050942,0.078766,4,0.463332
天空,0.028415,0.048248,-0.027791,0.073367,4,0.588932
海水,0.028325,0.036257,-0.006610,0.074079,4,0.781219
命运,0.028152,0.084279,-0.080993,0.102548,4,0.334029
火光,0.027461,0.027619,0.002711,0.062708,4,0.994278
肌肉,0.027275,0.062434,-0.019949,0.110583,4,0.436861
胆量,0.026700,0.023566,0.001217,0.047718,4,1.132994
麻木,0.026429,0.070667,-0.038806,0.102740,4,0.373995
梦境,0.026366,0.088532,-0.077619,0.112536,4,0.297820
一气,0.026331,0.073901,-0.016233,0.126377,4,0.356300
女人,0.025719,0.033390,-0.017821,0.052560,4,0.770268
时刻,0.025520,0.042144,-0.026091,0.068835,4,0.605547
老头儿,0.025401,0.041554,-0.024338,0.069321,4,0.611275
香味,0.025388,0.033847,-0.009460,0.056246,4,0.750091
屋子,0.025338,0.038820,-0.026430,0.054840,4,0.652692
响声,0.024992,0.017810,0.005883,0.045655,4,1.403248
勇气,0.023920,0.049235,-0.011182,0.088149,4,0.485843
泪珠,0.023670,0.022554,-0.006360,0.041031,4,1.049479
怒火,0.023325,0.031229,-0.005815,0.062628,4,0.746918
等候,0.023197,0.040191,-0.015214,0.060712,4,0.577175
神圣,0.023018,0.142252,-0.098324,0.209024,4,0.161811
全身,0.022665,0.066496,-0.054296,0.094413,4,0.340844
亮光,0.022360,0.083490,-0.082144,0.104470,4,0.267816
月亮,0.022266,0.073947,-0.059231,0.090585,4,0.301102
椅子,0.021809,0.045955,-0.023456,0.065451,4,0.474567
高志,0.021742,0.018391,0.002755,0.042236,4,1.182251
莫大,0.021554,0.054984,-0.016092,0.095374,4,0.392007
丁宁,0.020922,0.089168,-0.093696,0.102038,4,0.234642
前门,0.020853,0.054834,-0.024951,0.083569,4,0.380284
邪念,0.020404,0.038684,-0.015968,0.066964,4,0.527440
人家,0.020122,0.036237,-0.021811,0.060378,4,0.555277
毒手,0.019663,0.064352,-0.050109,0.095740,4,0.305555
老和尚,0.019638,0.021238,-0.007047,0.039711,4,0.924629
老道,0.018863,0.045166,-0.034018,0.066744,4,0.417633
嘴唇,0.018849,0.070578,-0.057395,0.102414,4,0.267071
产生,0.018740,0.047837,-0.028960,0.069896,4,0.391746
世界,0.018736,0.097976,-0.111377,0.094641,4,0.191230
性命,0.018685,0.055727,-0.045370,0.078632,4,0.335301
阳光,0.018612,0.054091,-0.053951,0.056926,4,0.344093
思量,0.018583,0.029425,-0.017006,0.047834,4,0.631543
时时,0.018521,0.036677,-0.020019,0.062798,4,0.504962
有力,0.018355,0.022676,-0.008293,0.042435,4,0.809469
有所,0.018242,0.008978,0.006483,0.025857,4,2.031886
阵痛,0.018098,0.010801,0.006847,0.029996,4,1.675616
有点,0.018033,0.039222,-0.026543,0.057021,4,0.459754
歌唱,0.017999,0.117031,-0.114858,0.132332,4,0.153796
原谅,0.017935,0.041573,-0.012869,0.073532,4,0.431414
常德,0.017785,0.056336,-0.044690,0.082522,4,0.315687
铺子,0.017266,0.056679,-0.030475,0.088515,4,0.304618
眼眶,0.017005,0.026927,-0.012173,0.048723,4,0.631539
欧阳,0.016954,0.067940,-0.074249,0.065179,4,0.249544
头脑,0.016814,0.044815,-0.030304,0.065123,4,0.375189
钉子,0.016802,0.045094,-0.029057,0.072352,4,0.372607
房门,0.016736,0.062166,-0.065019,0.064390,4,0.269219
灯光,0.016530,0.054926,-0.039807,0.078345,4,0.300954
影子,0.016400,0.055118,-0.055860,0.056892,4,0.297542
利用,0.016179,0.063154,-0.058733,0.084279,4,0.256184
舌头,0.016165,0.039000,-0.036421,0.041868,4,0.414488
金钱,0.016002,0.087238,-0.065679,0.127056,4,0.183432
光明,0.015972,0.082755,-0.094170,0.079587,4,0.193003
老侠,0.015487,0.034220,-0.021284,0.052406,4,0.452569
青春,0.015438,0.125062,-0.101520,0.163780,4,0.123446
闷气,0.015237,0.033837,-0.021056,0.051908,4,0.450319
饥饿,0.015147,0.031326,-0.019251,0.050304,4,0.483542
恶气,0.015000,0.099442,-0.067271,0.145930,4,0.150840
恶毒,0.014357,0.059036,-0.056203,0.074395,4,0.243185
社会,0.014270,0.120076,-0.127375,0.144416,4,0.118842
好象,0.014016,0.090173,-0.093120,0.101127,4,0.155438
音乐,0.013988,0.110793,-0.123813,0.115696,4,0.126251
味道,0.013834,0.047159,-0.027561,0.073674,4,0.293360
指甲,0.013645,0.053568,-0.029416,0.083493,4,0.254715
感觉,0.013255,0.115837,-0.138950,0.109971,4,0.114427
眸子,0.013166,0.068827,-0.058203,0.094843,4,0.191299
恶心,0.012714,0.040843,-0.040042,0.045847,4,0.311287
设法,0.012633,0.066223,-0.069089,0.078661,4,0.190767
人儿,0.012335,0.099043,-0.116290,0.099177,4,0.124546
战栗,0.012117,0.052513,-0.049425,0.069581,4,0.230746
红云,0.012022,0.043498,-0.043715,0.046997,4,0.276388
脚步,0.011808,0.069055,-0.058064,0.078062,4,0.170989
距离,0.011705,0.083054,-0.090516,0.087780,4,0.140933
思想,0.011662,0.088215,-0.104375,0.084893,4,0.132197
马路,0.011520,0.074911,-0.072664,0.073791,4,0.153779
地方,0.011208,0.015358,-0.004349,0.030075,4,0.729769
嗓子,0.010999,0.044994,-0.025927,0.069386,4,0.244459
汉子,0.010885,0.059993,-0.065978,0.058021,4,0.181439
水手,0.010755,0.038312,-0.037695,0.040884,4,0.280717
感情,0.010649,0.100231,-0.104377,0.118154,4,0.106244
手指,0.010534,0.068001,-0.075242,0.071913,4,0.154914
人们,0.010216,0.102586,-0.116211,0.099274,4,0.099582
癞子,0.010151,0.091516,-0.052512,0.131834,4,0.110925
体会,0.009790,0.082574,-0.077239,0.109186,4,0.118559
证明,0.009502,0.047597,-0.031840,0.070017,4,0.199641
火车,0.009297,0.061968,-0.067682,0.071117,4,0.150034
故乡,0.009285,0.084839,-0.067890,0.118324,4,0.109445
牙齿,0.008880,0.076492,-0.071630,0.095211,4,0.116091
意念,0.008865,0.087869,-0.108099,0.076505,4,0.100894
淑贞,0.008381,0.051747,-0.038309,0.065839,4,0.161969
空虚,0.008297,0.037254,-0.023106,0.056366,4,0.222704
桌子,0.008170,0.041722,-0.036761,0.053369,4,0.195820
总会,0.008064,0.044095,-0.033446,0.059150,4,0.182881
沧海,0.007666,0.045679,-0.044356,0.054814,4,0.167814
地站,0.007360,0.054321,-0.061091,0.059929,4,0.135500
思索,0.007247,0.044798,-0.042128,0.050037,4,0.161768
观念,0.007246,0.103095,-0.122600,0.106730,4,0.070283
箱子,0.007134,0.040923,-0.042687,0.048111,4,0.174330
房子,0.007106,0.072043,-0.062272,0.096115,4,0.098629
味儿,0.006778,0.069199,-0.033434,0.100423,4,0.097947
暗想,0.006608,0.051803,-0.055896,0.061212,4,0.127564
精神,0.006522,0.098977,-0.073338,0.137369,4,0.065889
对面,0.005979,0.094329,-0.069870,0.127604,4,0.063386
眼泪,0.005656,0.049094,-0.032138,0.070960,4,0.115211
疑心,0.005656,0.060622,-0.069822,0.064194,4,0.093298
怨气,0.005558,0.080919,-0.102775,0.063904,4,0.068686
理论,0.005310,0.133227,-0.161602,0.135300,4,0.039857
联珠,0.005106,0.061561,-0.077974,0.045204,4,0.082948
牧师,0.004989,0.071902,-0.055011,0.097256,4,0.069382
政府,0.004934,0.053917,-0.054613,0.056093,4,0.091508
空白,0.004927,0.085656,-0.107577,0.076097,4,0.057523
客厅,0.004925,0.056423,-0.054322,0.057996,4,0.087280
棺材,0.004920,0.062801,-0.062853,0.069377,4,0.078344
窝儿,0.004819,0.058834,-0.050538,0.079639,4,0.081913
裤子,0.004299,0.012729,-0.009876,0.016981,4,0.337744
沙发,0.004233,0.076533,-0.045353,0.106776,4,0.055311
灵子,0.004089,0.023737,-0.021873,0.026817,4,0.172273
理想,0.003871,0.139179,-0.161244,0.154154,4,0.027811
于今,0.003747,0.050137,-0.036340,0.069775,4,0.074736
功夫,0.003648,0.058751,-0.074737,0.047040,4,0.062091
雪亮,0.003640,0.126115,-0.113898,0.164755,4,0.028866
小孩,0.003396,0.051624,-0.064587,0.043766,4,0.065782
时候,0.003116,0.058121,-0.046717,0.062157,4,0.053621
钥匙,0.003079,0.081688,-0.087443,0.073448,4,0.037695
院子,0.002948,0.067332,-0.088131,0.043245,4,0.043781
大爷,0.002895,0.047064,-0.054459,0.048469,4,0.061515
弟子,0.002712,0.045727,-0.051103,0.052593,4,0.059314
命令,0.002699,0.020235,-0.013758,0.029418,4,0.133393
玉龙,0.002584,0.033408,-0.033104,0.037272,4,0.077349
眼睛,0.002514,0.042971,-0.022340,0.060685,4,0.058503
力气,0.002297,0.062410,-0.050511,0.083974,4,0.036809
戒指,0.001897,0.080803,-0.061345,0.103130,4,0.023477
女性,0.001839,0.076072,-0.080741,0.085746,4,0.024177
手脚,0.001797,0.019712,-0.021186,0.023586,4,0.091168
祖师,0.001648,0.058346,-0.053809,0.066821,4,0.028239
想象,0.001626,0.070000,-0.065117,0.065007,4,0.023226
机械,0.001532,0.086034,-0.105874,0.086213,4,0.017803
安静,0.001428,0.104116,-0.123030,0.111510,4,0.013715
西安,0.001413,0.037415,-0.047943,0.028801,4,0.037765
仇恨,0.001260,0.067011,-0.072602,0.074493,4,0.018807
清泪,0.001186,0.031841,-0.037518,0.027228,4,0.037256
诸葛,0.001070,0.094407,-0.121622,0.082918,4,0.011334
海棠,0.000616,0.048240,-0.049545,0.057187,4,0.012769
主人,0.000497,0.046797,-0.047695,0.053352,4,0.010610
小子,0.000457,0.028501,-0.030696,0.032440,4,0.016034
医院,0.000170,0.014729,-0.014889,0.015006,4,0.011529
九龄,0.000072,0.036037,-0.045939,0.028403,4,0.001986
情绪,0.000032,0.084591,-0.075195,0.094340,4,0.000377
人生,-0.000041,0.127382,-0.161278,0.120805,4,-0.000322
海风,-0.000074,0.063577,-0.077832,0.054210,4,-0.001169
歌声,-0.000093,0.120129,-0.105842,0.117628,4,-0.000776
方才,-0.000284,0.055908,-0.068830,0.047061,4,-0.005076
手绢,-0.000287,0.022545,-0.030799,0.012861,4,-0.012708
卧室,-0.000344,0.040212,-0.041866,0.035119,4,-0.008560
时分,-0.000349,0.052026,-0.051378,0.051416,4,-0.006707
法术,-0.000438,0.060009,-0.053808,0.073549,4,-0.007292
苏州,-0.000512,0.010396,-0.014046,0.007648,4,-0.049258
故事,-0.000622,0.091487,-0.115622,0.072090,4,-0.006797
笑容,-0.000639,0.056482,-0.072057,0.053264,4,-0.011318
镜清,-0.000695,0.055282,-0.060207,0.062432,4,-0.012568
机会,-0.000824,0.083815,-0.088698,0.081252,4,-0.009835
祖父,-0.001067,0.068191,-0.080440,0.074256,4,-0.015653
东阳,-0.001217,0.080346,-0.080376,0.086732,4,-0.015144
草地上,-0.001460,0.046674,-0.064563,0.025771,4,-0.031290
罗兰,-0.001759,0.076546,-0.052076,0.100992,4,-0.022975
农人,-0.001960,0.129554,-0.150118,0.137390,4,-0.015130
脑袋,-0.002259,0.028497,-0.032191,0.030022,4,-0.079254
封信,-0.002503,0.075834,-0.052342,0.099712,4,-0.033009
红色,-0.002557,0.047252,-0.064469,0.037032,4,-0.054114
人物,-0.002638,0.081149,-0.105014,0.075287,4,-0.032505
牛肉,-0.002661,0.073984,-0.066994,0.081684,4,-0.035972
痕迹,-0.002750,0.074460,-0.091000,0.077265,4,-0.036934
耳朵,-0.002751,0.049318,-0.047469,0.050083,4,-0.055778
婆婆,-0.002760,0.046348,-0.054343,0.049363,4,-0.059542
老人,-0.002837,0.069444,-0.056912,0.089105,4,-0.040854
光芒,-0.003221,0.059043,-0.069999,0.053300,4,-0.054556
鼻子,-0.003306,0.071594,-0.090440,0.060257,4,-0.046183
诗人,-0.003565,0.129966,-0.176466,0.094729,4,-0.027429
诗意,-0.003685,0.123720,-0.141136,0.123083,4,-0.029782
伤痕,-0.003833,0.111719,-0.115881,0.133716,4,-0.034313
时期,-0.003864,0.058370,-0.062190,0.068668,4,-0.066194
野心,-0.003923,0.101463,-0.108417,0.092264,4,-0.038664
肚子,-0.004011,0.059961,-0.053759,0.073746,4,-0.066898
艺术,-0.004771,0.112736,-0.140416,0.094136,4,-0.042319
少女,-0.004800,0.086596,-0.088597,0.096174,4,-0.055426
景色,-0.004808,0.089046,-0.090643,0.091123,4,-0.053998
心想,-0.004821,0.049500,-0.052087,0.057882,4,-0.097391
心情,-0.005082,0.104333,-0.137146,0.091435,4,-0.048708
兄长,-0.005539,0.058716,-0.061659,0.054776,4,-0.094331
心理,-0.005572,0.084916,-0.104059,0.086497,4,-0.065622
动人,-0.005632,0.107623,-0.118566,0.099466,4,-0.052335
女士,-0.005712,0.073955,-0.064521,0.089031,4,-0.077232
师傅,-0.005758,0.026419,-0.036682,0.023255,4,-0.217936
低头,-0.005897,0.052930,-0.068936,0.050750,4,-0.111409
美丽,-0.005982,0.068186,-0.075700,0.053958,4,-0.087723
声儿,-0.006155,0.031255,-0.038910,0.023033,4,-0.196934
滋味,-0.006227,0.061180,-0.081529,0.056041,4,-0.101781
南京,-0.006273,0.068017,-0.091562,0.059716,4,-0.092223
地位,-0.006273,0.080905,-0.109081,0.057399,4,-0.077536
消息,-0.006395,0.042729,-0.048785,0.039588,4,-0.149660
前途,-0.006442,0.103979,-0.087781,0.131079,4,-0.061958
画像,-0.006528,0.046813,-0.067743,0.028912,4,-0.139454
玻璃,-0.006552,0.073679,-0.106053,0.037744,4,-0.088932
奇特,-0.006590,0.062255,-0.081448,0.054504,4,-0.105859
方向,-0.006657,0.041615,-0.043238,0.035440,4,-0.159970
巡抚,-0.006849,0.071668,-0.060945,0.087075,4,-0.095564
丈夫,-0.006926,0.036190,-0.039510,0.038126,4,-0.191382
大褂,-0.006944,0.042280,-0.041818,0.048502,4,-0.164234
损失,-0.006991,0.039384,-0.059581,0.022611,4,-0.177501
战争,-0.007003,0.112722,-0.125248,0.129011,4,-0.062130
老马,-0.007173,0.080920,-0.091419,0.091015,4,-0.088640
爱情,-0.007205,0.152834,-0.155143,0.181891,4,-0.047143
男人,-0.007796,0.055159,-0.069500,0.043004,4,-0.141330
哥哥,-0.007984,0.035800,-0.055484,0.018699,4,-0.223010
嫂子,-0.008134,0.083630,-0.112182,0.067590,4,-0.097260
司徒,-0.008247,0.042205,-0.052221,0.032844,4,-0.195404
包袱,-0.008302,0.027624,-0.035716,0.025317,4,-0.300547
老头,-0.008446,0.041116,-0.061256,0.029182,4,-0.205421
景象,-0.008534,0.071954,-0.082576,0.055017,4,-0.118599
店里,-0.008603,0.045844,-0.069306,0.027812,4,-0.187662
屋子里,-0.008808,0.046823,-0.067822,0.036487,4,-0.188107
原是,-0.009070,0.052429,-0.044606,0.061336,4,-0.172987
话语,-0.009442,0.072394,-0.084448,0.053273,4,-0.130427
新鲜,-0.009469,0.077396,-0.079046,0.083545,4,-0.122350
农民,-0.009551,0.070647,-0.104859,0.036986,4,-0.135199
主张,-0.009669,0.072343,-0.081802,0.075485,4,-0.133650
事物,-0.009841,0.116960,-0.152282,0.099085,4,-0.084142
翠翠,-0.009897,0.073209,-0.103818,0.045315,4,-0.135192
言语,-0.010038,0.026197,-0.038894,0.014231,4,-0.383172
老头子,-0.010145,0.048622,-0.075846,0.017221,4,-0.208645
脸红,-0.010382,0.089816,-0.073421,0.109045,4,-0.115590
环境,-0.010571,0.080684,-0.114301,0.062360,4,-0.131012
冷笑,-0.010694,0.060224,-0.089971,0.037745,4,-0.177571
两颊,-0.010816,0.051580,-0.067195,0.043745,4,-0.209697
绅士,-0.010897,0.010622,-0.021363,0.002383,4,-1.025914
中心,-0.010959,0.079027,-0.109524,0.063940,4,-0.138672
事儿,-0.011101,0.024312,-0.030448,0.020544,4,-0.456624
祖国,-0.011387,0.083996,-0.100259,0.089193,4,-0.135569
冷汗,-0.011542,0.066434,-0.068118,0.075021,4,-0.173738
不料,-0.011784,0.099255,-0.144830,0.059710,4,-0.118727
梦中,-0.011904,0.043310,-0.059856,0.027499,4,-0.274849
杂乱,-0.012074,0.061867,-0.071775,0.052980,4,-0.195155
对方,-0.012223,0.055147,-0.062912,0.058417,4,-0.221649
汽车,-0.012284,0.098206,-0.134176,0.086055,4,-0.125086
母亲,-0.012350,0.058333,-0.078603,0.047377,4,-0.211713
经历,-0.012435,0.076352,-0.076093,0.072927,4,-0.162865
师父,-0.012868,0.062583,-0.074868,0.058318,4,-0.205611
姊妹,-0.012977,0.076680,-0.088213,0.078278,4,-0.169233
毛氏,-0.013047,0.016544,-0.022745,0.009340,4,-0.788627
妈的,-0.013118,0.069092,-0.071971,0.073790,4,-0.189869
时代,-0.013177,0.099252,-0.119946,0.104124,4,-0.132767
李子,-0.013383,0.053000,-0.071775,0.048320,4,-0.252504
秘密,-0.013417,0.036333,-0.060032,0.016940,4,-0.369289
船夫,-0.013483,0.050540,-0.076637,0.032889,4,-0.266775
纪念,-0.013498,0.062998,-0.083840,0.058492,4,-0.214259
爹爹,-0.013688,0.035866,-0.060578,0.016397,4,-0.381645
老年人,-0.013856,0.073739,-0.070391,0.084292,4,-0.187902
公园,-0.014216,0.077167,-0.113252,0.055266,4,-0.184226
人情,-0.014541,0.078458,-0.107716,0.056586,4,-0.185340
二老,-0.014589,0.035642,-0.048249,0.030705,4,-0.409327
全部,-0.014842,0.055865,-0.060614,0.058282,4,-0.265672
总算,-0.015178,0.060127,-0.077566,0.058072,4,-0.252434
人影,-0.015216,0.020269,-0.031981,0.010815,4,-0.750721
名字,-0.015327,0.050612,-0.049087,0.052593,4,-0.302836
哭声,-0.015337,0.052433,-0.055915,0.051594,4,-0.292507
衣袋,-0.015367,0.063954,-0.069880,0.068320,4,-0.240284
宁静,-0.015522,0.089550,-0.108642,0.080798,4,-0.173336
报告,-0.015535,0.058342,-0.062979,0.061168,4,-0.266277
索性,-0.015556,0.069344,-0.079032,0.073539,4,-0.224328
曹操,-0.015968,0.031243,-0.049748,0.016718,4,-0.511092
声响,-0.016044,0.044385,-0.055826,0.041213,4,-0.361482
西洋,-0.016405,0.050498,-0.066118,0.040734,4,-0.324858
胡涂,-0.016477,0.063818,-0.070391,0.067200,4,-0.258192
镜子,-0.016621,0.032046,-0.056575,0.011460,4,-0.518658
床上,-0.016834,0.008145,-0.025195,-0.008541,4,-2.066734
眼光,-0.016855,0.040120,-0.054390,0.022478,4,-0.420106
孩子,-0.016875,0.055540,-0.069256,0.052411,4,-0.303835
东家,-0.016959,0.062693,-0.083201,0.058428,4,-0.270511
空空,-0.017250,0.024532,-0.035488,0.015242,4,-0.703182
怒气,-0.017285,0.051931,-0.078051,0.039452,4,-0.332849
北京,-0.017343,0.026997,-0.052009,0.007356,4,-0.642384
大人,-0.017540,0.084758,-0.115047,0.076825,4,-0.206945
弟兄,-0.017683,0.035182,-0.054549,0.020375,4,-0.502608
约翰,-0.017769,0.046570,-0.080510,0.013667,4,-0.381557
同伴,-0.018067,0.043938,-0.075150,0.020046,4,-0.411199
乐山,-0.018110,0.051000,-0.066590,0.029953,4,-0.355099
妇人,-0.018271,0.064157,-0.074670,0.052998,4,-0.284783
声音,-0.018329,0.058673,-0.051318,0.061108,4,-0.312402
个人,-0.018429,0.067723,-0.095576,0.053745,4,-0.272123
人听,-0.018639,0.037424,-0.052744,0.019520,4,-0.498051
工夫,-0.019034,0.040474,-0.073549,0.008404,4,-0.470271
家庭,-0.019129,0.121218,-0.144161,0.126661,4,-0.157806
天真,-0.019409,0.107045,-0.121126,0.093362,4,-0.181319
实际,-0.019510,0.063364,-0.104332,0.026973,4,-0.307903
姓名,-0.019565,0.041629,-0.049216,0.036079,4,-0.469978
目光,-0.019775,0.061032,-0.091845,0.030978,4,-0.324016
表面,-0.019834,0.060423,-0.071719,0.050948,4,-0.328247
小孩子,-0.019839,0.112805,-0.163587,0.072910,4,-0.175867
经验,-0.019922,0.086359,-0.132326,0.054412,4,-0.230690
叔叔,-0.020301,0.034037,-0.063294,0.009732,4,-0.596425
病人,-0.020333,0.058857,-0.099246,0.021696,4,-0.345463
对象,-0.020427,0.066572,-0.110357,0.014646,4,-0.306838
和尚,-0.020608,0.066597,-0.066996,0.068927,4,-0.309438
无人,-0.020618,0.037420,-0.060321,0.011663,4,-0.550984
不平,-0.020706,0.055051,-0.091994,0.028326,4,-0.376119
口气,-0.020744,0.078671,-0.097902,0.053781,4,-0.263683
脸色,-0.020870,0.056906,-0.095384,0.019319,4,-0.366738
历史,-0.020871,0.099150,-0.143101,0.078628,4,-0.210504
呆子,-0.020904,0.049406,-0.079302,0.032711,4,-0.423111
无端,-0.021160,0.042077,-0.060327,0.031925,4,-0.502891
极力,-0.021270,0.010454,-0.027756,-0.007136,4,-2.034604
办法,-0.021479,0.045353,-0.076027,0.026271,4,-0.473590
银屏,-0.021506,0.032086,-0.056149,0.013718,4,-0.670254
方法,-0.021563,0.063569,-0.066944,0.063679,4,-0.339216
衣裳,-0.021711,0.035312,-0.049985,0.024590,4,-0.614835
老赵,-0.022021,0.043846,-0.081150,0.006571,4,-0.502246
老先生,-0.022154,0.055134,-0.074417,0.047697,4,-0.401826
公寓,-0.022487,0.070898,-0.099768,0.043160,4,-0.317175
眉毛,-0.022526,0.037225,-0.069373,0.012832,4,-0.605136
夫妇,-0.022574,0.031924,-0.065771,-0.003477,4,-0.707136
情人,-0.022651,0.085620,-0.128023,0.057283,4,-0.264557
张望,-0.022915,0.019694,-0.034218,0.003720,4,-1.163552
空山,-0.023343,0.073098,-0.078644,0.071143,4,-0.319334
刺耳,-0.023444,0.091481,-0.121161,0.068079,4,-0.256274
行人,-0.023498,0.051601,-0.091902,0.012525,4,-0.455380
有数,-0.023528,0.092901,-0.083162,0.101578,4,-0.253254
无法,-0.023587,0.025498,-0.052650,0.003612,4,-0.925064
东西,-0.023681,0.049531,-0.087731,0.020537,4,-0.478116
心爱,-0.023730,0.038981,-0.057183,0.024266,4,-0.608766
一番话,-0.023841,0.047117,-0.078932,0.027394,4,-0.505991
寡妇,-0.023850,0.079573,-0.107511,0.071158,4,-0.299724
林先生,-0.023933,0.022177,-0.047403,0.002763,4,-1.079164
纸包,-0.023958,0.063863,-0.093401,0.051393,4,-0.375149
估量,-0.024009,0.030296,-0.064408,-0.001567,4,-0.792471
不免有些,-0.024116,0.018712,-0.046530,-0.005049,4,-1.288813
四爷,-0.024143,0.033784,-0.067831,0.005719,4,-0.714614
口头,-0.024232,0.073313,-0.123422,0.020161,4,-0.330528
颜色,-0.024533,0.040031,-0.058240,0.026487,4,-0.612854
名词,-0.024588,0.125396,-0.191323,0.072004,4,-0.196085
心事,-0.024746,0.043078,-0.067850,0.018725,4,-0.574443
车夫,-0.024824,0.027165,-0.048589,0.008864,4,-0.913794
时节,-0.024835,0.032448,-0.065441,0.006617,4,-0.765392
办事,-0.024837,0.032405,-0.060093,0.011515,4,-0.766444
道人,-0.024915,0.075920,-0.110916,0.045442,4,-0.328172
公子,-0.024999,0.046550,-0.086858,0.011337,4,-0.537040
大哥,-0.025041,0.060258,-0.079538,0.052656,4,-0.415560
电报,-0.025217,0.075555,-0.114493,0.053322,4,-0.333752
舅父,-0.025280,0.105220,-0.117289,0.092956,4,-0.240263
老三,-0.025388,0.025290,-0.051359,0.003719,4,-1.003872
主意,-0.025416,0.062418,-0.098781,0.040141,4,-0.407189
数目,-0.025416,0.063942,-0.095201,0.046213,4,-0.397490
事实,-0.026077,0.066605,-0.083736,0.060787,4,-0.391520
三爷,-0.026246,0.069690,-0.110212,0.047288,4,-0.376607
兄弟,-0.026276,0.029766,-0.058107,0.000134,4,-0.882733
脾气,-0.026456,0.054767,-0.069245,0.046128,4,-0.483067
头发,-0.026593,0.013668,-0.043803,-0.015443,4,-1.945645
爸爸,-0.026696,0.050346,-0.074129,0.037247,4,-0.530244
王爷,-0.026750,0.048326,-0.088714,0.009758,4,-0.553536
老二,-0.026761,0.085037,-0.135900,0.042888,4,-0.314696
淑英,-0.026785,0.077750,-0.104979,0.062694,4,-0.344500
胡同,-0.026829,0.039770,-0.073512,0.013926,4,-0.674606
周氏,-0.027002,0.021819,-0.046444,-0.007455,4,-1.237553
总觉,-0.027023,0.056130,-0.089763,0.029846,4,-0.481446
杭州,-0.027067,0.056031,-0.091975,0.035199,4,-0.483071
萧萧,-0.027096,0.062991,-0.096187,0.039440,4,-0.430165
高声,-0.027143,0.029087,-0.061952,0.003878,4,-0.933168
李四,-0.027193,0.043944,-0.068652,0.026386,4,-0.618808
祖母,-0.027344,0.023527,-0.047273,0.003471,4,-1.162246
小说,-0.027374,0.079922,-0.135591,0.017188,4,-0.342513
局面,-0.027484,0.064122,-0.107368,0.030941,4,-0.428621
博士,-0.027499,0.040927,-0.064922,0.024881,4,-0.671899
动手,-0.027502,0.086025,-0.102370,0.081977,4,-0.319697
殷勤,-0.027509,0.077711,-0.108377,0.065014,4,-0.353994
儿子,-0.027866,0.055331,-0.081217,0.027874,4,-0.503617
男子,-0.028165,0.053777,-0.084303,0.022330,4,-0.523733
疑团,-0.028268,0.044974,-0.077701,0.019685,4,-0.628540
学校,-0.028283,0.103169,-0.142079,0.078421,4,-0.274137
小心,-0.028343,0.057055,-0.092309,0.027852,4,-0.496768
姿态,-0.028352,0.089995,-0.125928,0.069130,4,-0.315041
时间,-0.028375,0.039256,-0.053146,0.024616,4,-0.722807
所长,-0.028691,0.047386,-0.065909,0.034103,4,-0.605483
情形,-0.028731,0.035038,-0.069591,0.007588,4,-0.820007
夫人,-0.028782,0.046866,-0.092073,0.000165,4,-0.614144
自语,-0.028887,0.029367,-0.054560,0.009214,4,-0.983638
天风,-0.028924,0.035302,-0.053689,0.018387,4,-0.819335
人人,-0.029055,0.019667,-0.046236,-0.011043,4,-1.477329
笑声,-0.029057,0.096798,-0.119064,0.068470,4,-0.300180
老人家,-0.029178,0.041271,-0.071275,0.020148,4,-0.706982
蚂蚁,-0.029185,0.087377,-0.145328,0.029803,4,-0.334013
古人,-0.029460,0.099117,-0.156609,0.061766,4,-0.297227
二人,-0.029481,0.067528,-0.089874,0.057876,4,-0.436583
结果,-0.029627,0.042152,-0.067965,0.024137,4,-0.702861
暗香,-0.030239,0.064498,-0.090824,0.039118,4,-0.468837
境遇,-0.030257,0.051399,-0.090466,0.025998,4,-0.588664
帽子,-0.030317,0.014543,-0.045442,-0.013526,4,-2.084636
二爷,-0.030562,0.021393,-0.052063,-0.008736,4,-1.428615
徒弟,-0.030644,0.085620,-0.083686,0.085119,4,-0.357907
嘴上,-0.030884,0.046102,-0.072430,0.024061,4,-0.669908
光荣,-0.031042,0.118497,-0.142943,0.119291,4,-0.261966
婆娘,-0.031198,0.039185,-0.068066,0.016466,4,-0.796171
朋友,-0.031374,0.067620,-0.121159,0.015981,4,-0.463979
小伙子,-0.031772,0.071129,-0.120451,0.030161,4,-0.446681
心思,-0.031784,0.032200,-0.065734,0.000797,4,-0.987092
筹划,-0.032012,0.061007,-0.111961,0.016798,4,-0.524724
时才,-0.032103,0.042386,-0.062568,0.024091,4,-0.757391
眉头,-0.032315,0.018833,-0.054247,-0.015516,4,-1.715928
父亲,-0.032646,0.039466,-0.076153,0.004982,4,-0.827187
少奶奶,-0.032711,0.007467,-0.041200,-0.024450,4,-4.380707
管事,-0.032869,0.035235,-0.074559,0.003529,4,-0.932849
天气,-0.033147,0.037334,-0.067034,0.014866,4,-0.887857
动作,-0.033196,0.059899,-0.099203,0.027557,4,-0.554200
孩子们,-0.033216,0.118113,-0.166650,0.101690,4,-0.281219
教师,-0.033320,0.028326,-0.068369,-0.004841,4,-1.176273
庆瑞,-0.033473,0.080124,-0.134041,0.039644,4,-0.417766
凤阳,-0.033725,0.030240,-0.070795,-0.006310,4,-1.115226
方面,-0.033733,0.051980,-0.102225,0.007560,4,-0.648960
文字,-0.033810,0.084912,-0.139743,0.050287,4,-0.398183
妻子,-0.033825,0.064092,-0.120129,0.007377,4,-0.527747
皇帝,-0.033830,0.029911,-0.061856,-0.006140,4,-1.131014
日本,-0.034382,0.086186,-0.126488,0.068525,4,-0.398923
大家,-0.034754,0.042355,-0.083041,0.012315,4,-0.820530
面子,-0.034821,0.041016,-0.083632,0.000890,4,-0.848964
温存,-0.035011,0.061309,-0.108635,0.030107,4,-0.571061
事情,-0.035078,0.039199,-0.069192,0.014394,4,-0.894853
地向,-0.035549,0.028961,-0.066697,-0.005422,4,-1.227496
学生,-0.035647,0.073225,-0.122381,0.043493,4,-0.486814
秋心,-0.035863,0.083329,-0.102825,0.072361,4,-0.430383
伤感,-0.036158,0.062756,-0.109227,0.032741,4,-0.576177
低下头,-0.036201,0.038779,-0.083376,-0.001259,4,-0.933512
诗歌,-0.036497,0.130405,-0.191846,0.100930,4,-0.279876
媳妇,-0.036713,0.069008,-0.117881,0.026261,4,-0.532010
和平,-0.036963,0.118612,-0.147020,0.114650,4,-0.311629
儿媳妇,-0.037022,0.045380,-0.072056,0.023209,4,-0.815836
莫非,-0.037125,0.011602,-0.044209,-0.021445,4,-3.199970
责备,-0.037387,0.057057,-0.104066,0.025162,4,-0.655255
午饭,-0.037648,0.047431,-0.094281,0.008594,4,-0.793756
理由,-0.037725,0.062015,-0.106457,0.028680,4,-0.608328
小林,-0.037855,0.082505,-0.131522,0.055556,4,-0.458823
恭维,-0.038100,0.028339,-0.061662,-0.005633,4,-1.344452
新闻,-0.038130,0.073881,-0.124860,0.032520,4,-0.516097
先生,-0.038147,0.019240,-0.054206,-0.012968,4,-1.982708
子来,-0.038176,0.041474,-0.077860,0.008722,4,-0.920479
道理,-0.038270,0.068022,-0.124782,0.025583,4,-0.562622
俊文,-0.038533,0.057736,-0.083745,0.032838,4,-0.667396
话说,-0.038576,0.078384,-0.129045,0.045907,4,-0.492136
回家,-0.038670,0.056820,-0.099438,0.029045,4,-0.680569
女孩子,-0.038701,0.071470,-0.120023,0.033656,4,-0.541500
光景,-0.038845,0.058137,-0.090146,0.036619,4,-0.668158
地道,-0.038932,0.014521,-0.057137,-0.024777,4,-2.681077
老实,-0.039207,0.057761,-0.110007,0.018931,4,-0.678774
侍女,-0.039233,0.040772,-0.091929,-0.005041,4,-0.962245
司马,-0.039239,0.073851,-0.138968,0.007235,4,-0.531329
招弟,-0.039530,0.062433,-0.103724,0.030267,4,-0.633153
习惯,-0.040050,0.090258,-0.150188,0.053124,4,-0.443727
爱慕,-0.040154,0.079951,-0.124038,0.039282,4,-0.502231
寻思,-0.040168,0.040173,-0.093814,-0.011548,4,-0.999865
大娘,-0.040628,0.030557,-0.072828,-0.003752,4,-1.329584
态度,-0.040687,0.047729,-0.081345,0.016082,4,-0.852457
老太太,-0.040867,0.036430,-0.080782,0.001119,4,-1.121805
王氏,-0.041275,0.037872,-0.075673,0.006655,4,-1.089853
女郎,-0.041294,0.073206,-0.110937,0.051494,4,-0.564078
面孔,-0.041889,0.016342,-0.058972,-0.022219,4,-2.563223
老板,-0.042275,0.019726,-0.066437,-0.022710,4,-2.143132
乐意,-0.042365,0.061562,-0.118576,0.009021,4,-0.688163
女子,-0.042614,0.067833,-0.120375,0.022839,4,-0.628215
商量,-0.042673,0.025567,-0.069571,-0.013636,4,-1.669075
姊姊,-0.042837,0.055568,-0.097931,0.006967,4,-0.770894
本领,-0.043087,0.073563,-0.108766,0.051472,4,-0.585718
大嫂,-0.043126,0.055224,-0.112085,0.010196,4,-0.780940
大喜,-0.043576,0.064069,-0.094955,0.041017,4,-0.680145
因道,-0.043683,0.030938,-0.064813,-0.002090,4,-1.411978
形式,-0.043859,0.080870,-0.149236,0.026324,4,-0.542342
客气,-0.044125,0.081013,-0.151144,0.021406,4,-0.544663
妈妈,-0.044250,0.042313,-0.089513,0.006323,4,-1.045784
金荣,-0.044334,0.074663,-0.115997,0.038276,4,-0.593789
红玉,-0.044346,0.060745,-0.091650,0.033628,4,-0.730042
不作声,-0.044851,0.047746,-0.098750,0.005577,4,-0.939375
意义,-0.044854,0.130518,-0.196285,0.099006,4,-0.343664
样子,-0.045050,0.086101,-0.156538,0.023802,4,-0.523224
奶奶,-0.045132,0.038428,-0.081982,-0.003599,4,-1.174445
明白,-0.045201,0.065712,-0.125256,0.015949,4,-0.687872
木兰,-0.045323,0.069355,-0.116443,0.024289,4,-0.653491
日子,-0.046158,0.071850,-0.138885,0.009305,4,-0.642416
衣服,-0.046191,0.029630,-0.081246,-0.015851,4,-1.558895
中国,-0.046204,0.085240,-0.148122,0.034696,4,-0.542044
读书,-0.046248,0.096994,-0.168754,0.045908,4,-0.476807
事业,-0.046330,0.102318,-0.174642,0.053859,4,-0.452802
莫愁,-0.046455,0.069805,-0.136971,0.008180,4,-0.665494
金太太,-0.046655,0.075111,-0.147352,0.007020,4,-0.621149
流泪,-0.046673,0.074392,-0.125688,0.042593,4,-0.627398
气愤,-0.046987,0.062466,-0.120722,0.018158,4,-0.752203
设想,-0.047062,0.066656,-0.109931,0.031844,4,-0.706038
问题,-0.047387,0.050713,-0.106667,0.008451,4,-0.934403
年轻人,-0.047569,0.088912,-0.145644,0.056168,4,-0.535017
刘将军,-0.047692,0.040860,-0.086238,0.003465,4,-1.167188
同学,-0.047817,0.065763,-0.134952,-0.000092,4,-0.727110
体面,-0.048173,0.071039,-0.091071,0.047756,4,-0.678121
意见,-0.048208,0.078022,-0.153293,0.000384,4,-0.617878
姐姐,-0.048235,0.035346,-0.095956,-0.026567,4,-1.364646
计划,-0.048400,0.058548,-0.107880,0.019801,4,-0.826680
素云,-0.048663,0.032941,-0.084017,-0.010469,4,-1.477286
妇女,-0.049003,0.032107,-0.072234,-0.006324,4,-1.526213
皱眉,-0.049803,0.035855,-0.089261,-0.009280,4,-1.389033
伤心,-0.049864,0.074950,-0.130255,0.038361,4,-0.665295
面容,-0.050070,0.090812,-0.172779,0.007469,4,-0.551352
客人,-0.050333,0.057414,-0.101591,0.023839,4,-0.876669
太太,-0.050352,0.024237,-0.078227,-0.027187,4,-2.077473
抿着嘴笑,-0.050590,0.036260,-0.084685,-0.005516,4,-1.395220
姨太,-0.051224,0.053806,-0.108229,0.008313,4,-0.952014
丫头,-0.051230,0.023326,-0.072056,-0.021093,4,-2.196325
母女,-0.052328,0.035654,-0.093803,-0.012849,4,-1.467650
丫鬟,-0.052373,0.041445,-0.097692,-0.003640,4,-1.263672
整理,-0.052438,0.046885,-0.097191,-0.011567,4,-1.118423
眼镜,-0.052607,0.039664,-0.105013,-0.020448,4,-1.326318
凡事,-0.052810,0.034666,-0.082536,-0.009802,4,-1.523387
牢骚,-0.053177,0.081516,-0.124633,0.048094,4,-0.652355
文章,-0.053670,0.065296,-0.130083,0.007921,4,-0.821955
新娘,-0.054021,0.030203,-0.085913,-0.026506,4,-1.788600
同情,-0.054024,0.061739,-0.118224,0.020857,4,-0.875031
小姐,-0.054110,0.049930,-0.102440,-0.005263,4,-1.083711
新奇,-0.055292,0.101418,-0.167481,0.047570,4,-0.545191
神气,-0.055543,0.059037,-0.118145,0.015435,4,-0.940815
父母,-0.056179,0.021550,-0.084552,-0.038353,4,-2.606879
公公,-0.056610,0.053616,-0.108781,0.000100,4,-1.055846
理会,-0.056761,0.075326,-0.154617,0.009295,4,-0.753537
富翁,-0.057035,0.041218,-0.107906,-0.017289,4,-1.383747
题目,-0.057054,0.079041,-0.149122,0.030360,4,-0.721831
见面,-0.057084,0.054882,-0.115950,0.006027,4,-1.040138
诗词,-0.057197,0.069938,-0.146841,-0.000972,4,-0.817819
陈妈,-0.057236,0.041625,-0.096583,-0.008948,4,-1.375035
妹妹,-0.057335,0.047074,-0.110127,-0.011233,4,-1.217967
少爷,-0.057424,0.053005,-0.108158,0.002619,4,-1.083363
形容,-0.057635,0.030060,-0.085909,-0.023979,4,-1.917355
弟弟,-0.057692,0.039038,-0.102500,-0.018650,4,-1.477852
相貌,-0.057778,0.062670,-0.140352,-0.008172,4,-0.921939
七爷,-0.058714,0.049724,-0.122074,-0.019258,4,-1.180795
神情,-0.059032,0.072587,-0.147196,0.015537,4,-0.813260
将军,-0.059186,0.069556,-0.144039,0.012060,4,-0.850908
国家,-0.059285,0.077241,-0.125699,0.040435,4,-0.767539
上海,-0.059938,0.055740,-0.132415,-0.011154,4,-1.075324
生气,-0.060297,0.068143,-0.140340,0.007480,4,-0.884859
医生,-0.060783,0.056902,-0.133548,-0.007917,4,-1.068205
众人,-0.061171,0.028495,-0.092563,-0.029594,4,-2.146704
顺口,-0.061686,0.031590,-0.092473,-0.024338,4,-1.952711
男女,-0.061943,0.074276,-0.140689,0.027324,4,-0.833957
年老,-0.061955,0.072323,-0.129332,0.027303,4,-0.856653
缘故,-0.063354,0.055778,-0.111703,0.009236,4,-1.135818
关系,-0.064905,0.098788,-0.162680,0.058017,4,-0.657008
小事,-0.065546,0.076990,-0.127200,0.035858,4,-0.851350
后生,-0.065664,0.020993,-0.079852,-0.037632,4,-3.127934
女儿,-0.065919,0.053403,-0.114363,-0.000983,4,-1.234357
低声,-0.067483,0.052792,-0.131556,-0.016340,4,-1.278285
姑娘,-0.067551,0.055659,-0.142423,-0.029407,4,-1.213653
两件事,-0.067868,0.071676,-0.149497,0.008020,4,-0.946875
老师,-0.068744,0.031381,-0.096145,-0.027953,4,-2.190598
模样,-0.069645,0.063122,-0.135853,0.006484,4,-1.103340
原因,-0.069706,0.037886,-0.112156,-0.026569,4,-1.839898
大事,-0.069845,0.043811,-0.114747,-0.031589,4,-1.594211
神色,-0.070833,0.071342,-0.166700,-0.022153,4,-0.992874
原故,-0.071976,0.066426,-0.125046,0.012389,4,-1.083552
纳罕,-0.072838,0.042972,-0.120971,-0.024423,4,-1.695020
议论,-0.073110,0.084059,-0.142291,0.023310,4,-0.869745
开口,-0.076380,0.023866,-0.095820,-0.045602,4,-3.200438
口吻,-0.078716,0.052382,-0.123375,-0.014217,4,-1.502735
意思,-0.082550,0.038599,-0.131806,-0.048239,4,-2.138637
黄大,-0.083095,0.043390,-0.137863,-0.049314,4,-1.915089
金凤,-0.086257,0.026123,-0.108027,-0.051938,4,-3.301925
关心,-0.087362,0.068425,-0.161784,-0.006776,4,-1.276767
问道,-0.092468,0.028462,-0.129747,-0.068455,4,-3.248852
