rank,word,mean_similarity,min_similarity,first_last_similarity,sim_mingqing_to_late_qing,sim_late_qing_to_republican,sim_republican_to_socialist,sim_socialist_to_contemporary
1,掏出,0.6621,0.6335,0.5057,0.6668,0.6335,0.6547,0.6936
2,身穿,0.6560,0.6366,0.5233,0.6730,0.6381,0.6366,0.6765
3,一杯,0.6537,0.5891,0.4780,0.6782,0.5891,0.6878,0.6595
4,灯光,0.6523,0.5332,0.4566,0.6692,0.5332,0.6794,0.7275
5,一座,0.6475,0.6071,0.4990,0.6350,0.6071,0.6387,0.7092
6,一碗,0.6419,0.6024,0.5602,0.6024,0.6285,0.6673,0.6693
7,桌子,0.6389,0.6128,0.4728,0.6501,0.6128,0.6180,0.6747
8,头发,0.6330,0.5564,0.4621,0.6066,0.5564,0.6709,0.6981
9,天气,0.6321,0.5915,0.4705,0.6387,0.5915,0.6225,0.6757
10,穿着,0.6301,0.5755,0.4998,0.5795,0.5755,0.6934,0.6720
11,年纪,0.6290,0.5705,0.4802,0.7117,0.5705,0.6238,0.6101
12,一双,0.6283,0.6198,0.4805,0.6226,0.6198,0.6226,0.6484
13,一口,0.6277,0.5962,0.4233,0.6180,0.5962,0.6321,0.6644
14,眼泪,0.6267,0.5905,0.4739,0.6469,0.5905,0.6176,0.6519
15,说不出,0.6221,0.5382,0.5561,0.6258,0.5382,0.6405,0.6839
16,一身,0.6192,0.5486,0.4949,0.5486,0.6301,0.6340,0.6639
17,一间,0.6187,0.5540,0.5048,0.6402,0.6704,0.5540,0.6101
18,眼睛,0.6178,0.6002,0.4813,0.6002,0.6080,0.6231,0.6398
19,一根,0.6172,0.5787,0.5132,0.5787,0.5883,0.6757,0.6261
20,声响,0.6125,0.5450,0.4782,0.6811,0.5450,0.5836,0.6405
21,一声,0.6105,0.5703,0.4322,0.6345,0.5831,0.5703,0.6541
22,一遍,0.6100,0.5462,0.3480,0.6892,0.5462,0.5725,0.6319
23,椅子,0.6083,0.5616,0.5664,0.6284,0.5616,0.6129,0.6303
24,房屋,0.6079,0.5360,0.5254,0.6976,0.5360,0.5454,0.6528
25,房门,0.6055,0.5653,0.4958,0.6464,0.5653,0.6130,0.5974
26,一股,0.6052,0.5180,0.4550,0.5796,0.5180,0.6157,0.7074
27,一惊,0.6051,0.5685,0.4665,0.6476,0.6169,0.5877,0.5685
28,热闹,0.6042,0.5804,0.4768,0.6153,0.5847,0.5804,0.6363
29,说完,0.6027,0.5803,0.4879,0.5988,0.5992,0.5803,0.6322
30,一顿,0.6025,0.5414,0.4529,0.5414,0.5688,0.6203,0.6796
31,一场,0.6025,0.5465,0.4285,0.5948,0.5465,0.6077,0.6611
32,取出,0.6023,0.5738,0.4619,0.6306,0.5738,0.5942,0.6108
33,一口气,0.6018,0.5695,0.4273,0.5695,0.5898,0.6398,0.6082
34,打得,0.6006,0.5277,0.5167,0.6630,0.5277,0.5499,0.6620
35,写着,0.6000,0.5583,0.5462,0.6665,0.5737,0.6015,0.5583
36,一件,0.5995,0.5384,0.4231,0.5536,0.5384,0.6501,0.6560
37,怀里,0.5975,0.5466,0.4753,0.5466,0.5635,0.6717,0.6082
38,动静,0.5960,0.5477,0.4613,0.6282,0.5477,0.5716,0.6367
39,两旁,0.5958,0.5430,0.4335,0.6816,0.5430,0.5935,0.5651
40,几步,0.5952,0.5739,0.5361,0.5739,0.5855,0.5845,0.6368
41,脚步,0.5923,0.5275,0.3949,0.5275,0.5422,0.6349,0.6644
42,一夜,0.5923,0.5483,0.4968,0.6335,0.5627,0.5483,0.6245
43,空中,0.5903,0.4846,0.3906,0.6040,0.4846,0.5955,0.6771
44,性命,0.5902,0.5331,0.4794,0.6581,0.5956,0.5331,0.5739
45,地上,0.5900,0.5584,0.4513,0.5584,0.5852,0.5600,0.6564
46,房子,0.5899,0.5551,0.4548,0.6181,0.5551,0.6035,0.5829
47,桌上,0.5897,0.5579,0.5133,0.6261,0.5579,0.5905,0.5842
48,几句,0.5890,0.5565,0.4609,0.5753,0.5565,0.6304,0.5938
49,声音,0.5890,0.5280,0.4932,0.5946,0.5280,0.6281,0.6052
50,收拾,0.5887,0.5539,0.3902,0.5539,0.5545,0.6153,0.6314
51,放在,0.5887,0.5545,0.4702,0.5892,0.6015,0.5545,0.6094
52,小说,0.5886,0.4692,0.4046,0.4692,0.6504,0.6120,0.6227
53,院子,0.5886,0.5748,0.4419,0.5762,0.6251,0.5748,0.5781
54,名字,0.5885,0.5687,0.4493,0.5745,0.5687,0.5844,0.6263
55,今年,0.5881,0.5485,0.4028,0.6559,0.5485,0.5731,0.5748
56,墙上,0.5879,0.5775,0.4521,0.5857,0.5775,0.5783,0.6100
57,伤心,0.5875,0.5627,0.4532,0.6086,0.5627,0.6086,0.5703
58,本领,0.5874,0.5461,0.4636,0.6593,0.5711,0.5461,0.5732
59,厨房,0.5869,0.4972,0.4432,0.6430,0.4972,0.6030,0.6043
60,轻轻,0.5869,0.5263,0.4768,0.6158,0.5263,0.6088,0.5965
61,几天,0.5860,0.5449,0.3676,0.5449,0.5606,0.6234,0.6152
62,帽子,0.5853,0.5535,0.4892,0.5819,0.5535,0.5653,0.6405
63,露出,0.5844,0.5274,0.4479,0.5910,0.5274,0.5711,0.6481
64,放着,0.5844,0.5343,0.3676,0.5343,0.5897,0.5897,0.6238
65,说得,0.5844,0.5063,0.3813,0.5825,0.5063,0.6150,0.6337
66,大门,0.5842,0.5793,0.4175,0.5835,0.5819,0.5919,0.5793
67,事业,0.5836,0.5133,0.3092,0.6499,0.5133,0.5614,0.6096
68,生意,0.5835,0.5203,0.4709,0.6034,0.5203,0.5855,0.6246
69,报仇,0.5834,0.5708,0.3809,0.5999,0.5737,0.5708,0.5892
70,便宜,0.5829,0.5331,0.4209,0.5428,0.5331,0.6159,0.6397
71,记得,0.5823,0.5562,0.4119,0.5837,0.5668,0.5562,0.6227
72,人听,0.5817,0.5212,0.4440,0.6597,0.5212,0.5386,0.6072
73,医生,0.5815,0.5624,0.3342,0.6033,0.5819,0.5782,0.5624
74,磕头,0.5810,0.5241,0.5216,0.5241,0.5701,0.5817,0.6481
75,时分,0.5808,0.5072,0.4451,0.6958,0.5508,0.5072,0.5694
76,一刀,0.5794,0.4822,0.4517,0.6353,0.4822,0.5863,0.6137
77,睡觉,0.5792,0.5495,0.4562,0.6029,0.5495,0.5736,0.5908
78,一片,0.5788,0.5171,0.2688,0.5877,0.5171,0.6684,0.5421
79,聪明,0.5783,0.5052,0.3884,0.6793,0.5052,0.5456,0.5833
80,右手,0.5779,0.5529,0.4450,0.5852,0.5764,0.5529,0.5971
81,左手,0.5775,0.5639,0.4056,0.5924,0.5668,0.5639,0.5869
82,拳头,0.5775,0.4869,0.4984,0.5897,0.4869,0.6284,0.6050
83,牲口,0.5775,0.5294,0.4118,0.5503,0.5294,0.6394,0.5908
84,包袱,0.5771,0.5242,0.3959,0.6101,0.5417,0.5242,0.6326
85,小心,0.5768,0.5427,0.3408,0.6423,0.5550,0.5674,0.5427
86,床上,0.5768,0.5533,0.5185,0.5703,0.5533,0.6258,0.5578
87,正说,0.5761,0.5199,0.4572,0.6742,0.5536,0.5565,0.5199
88,脸上,0.5755,0.4514,0.4129,0.5486,0.4514,0.6588,0.6433
89,伸手,0.5753,0.5559,0.3938,0.5559,0.5948,0.5854,0.5649
90,太阳,0.5751,0.4892,0.4485,0.4892,0.5130,0.6743,0.6239
91,一副,0.5751,0.4984,0.2870,0.4984,0.5929,0.5994,0.6096
92,两边,0.5747,0.4990,0.3970,0.6593,0.4990,0.5205,0.6200
93,睡着,0.5747,0.5263,0.4349,0.6180,0.5263,0.5617,0.5928
94,一本,0.5744,0.4979,0.4903,0.5764,0.4979,0.5965,0.6269
95,说出,0.5744,0.5332,0.4582,0.5945,0.5332,0.5485,0.6213
96,屋子,0.5740,0.5292,0.3802,0.5894,0.5292,0.6451,0.5322
97,一只,0.5737,0.5267,0.4651,0.5751,0.5465,0.6466,0.5267
98,不许,0.5729,0.5327,0.4295,0.5822,0.5327,0.5525,0.6243
99,一支,0.5726,0.5085,0.3155,0.5138,0.5085,0.6267,0.6414
100,拿出,0.5709,0.5170,0.3594,0.5170,0.5340,0.6057,0.6271
101,满脸,0.5709,0.5396,0.4547,0.5497,0.5396,0.5445,0.6498
102,每人,0.5704,0.5442,0.4686,0.5867,0.5627,0.5442,0.5881
103,放下,0.5700,0.5426,0.3404,0.5732,0.5426,0.5872,0.5769
104,打死,0.5699,0.5496,0.4272,0.5509,0.5636,0.5496,0.6157
105,鼻子,0.5698,0.4956,0.4852,0.4956,0.5183,0.6613,0.6040
106,口气,0.5693,0.4733,0.3820,0.5583,0.4733,0.5962,0.6496
107,读书,0.5684,0.5357,0.3916,0.6243,0.5367,0.5357,0.5771
108,要紧,0.5681,0.5225,0.4146,0.5225,0.5622,0.5998,0.5881
109,不听,0.5676,0.5426,0.4611,0.5784,0.5426,0.5627,0.5866
110,告辞,0.5664,0.5111,0.4914,0.6091,0.5111,0.5559,0.5895
111,街上,0.5660,0.5075,0.4158,0.5140,0.5075,0.6193,0.6234
112,一步,0.5660,0.5326,0.4544,0.5326,0.5504,0.5737,0.6074
113,仔细,0.5660,0.5241,0.4474,0.5599,0.5241,0.5611,0.6187
114,坐下,0.5658,0.4796,0.3653,0.6093,0.4796,0.5994,0.5749
115,消息,0.5657,0.4877,0.3844,0.5597,0.4877,0.5911,0.6245
116,再也,0.5656,0.5560,0.5104,0.5713,0.5560,0.5723,0.5629
117,紧紧,0.5651,0.5114,0.4584,0.5464,0.5114,0.5846,0.6180
118,送到,0.5651,0.5044,0.4330,0.5596,0.5044,0.5918,0.6045
119,天上,0.5650,0.4022,0.5357,0.5275,0.4022,0.6534,0.6771
120,念头,0.5646,0.5125,0.3539,0.5998,0.5311,0.5125,0.6151
121,耳朵,0.5645,0.5312,0.4384,0.5466,0.5312,0.5602,0.6199
122,主意,0.5643,0.5183,0.4610,0.5183,0.5570,0.6113,0.5705
123,门前,0.5640,0.5018,0.4088,0.5431,0.5018,0.6389,0.5722
124,干净,0.5640,0.5402,0.4279,0.5545,0.5402,0.5659,0.5953
125,两眼,0.5638,0.4888,0.4081,0.6059,0.5486,0.4888,0.6119
126,不远,0.5632,0.5292,0.4482,0.6043,0.5379,0.5813,0.5292
127,一位,0.5629,0.5423,0.3388,0.5423,0.5528,0.5525,0.6040
128,行李,0.5623,0.5413,0.4255,0.5669,0.5993,0.5413,0.5418
129,本事,0.5621,0.5485,0.4335,0.5681,0.5485,0.5513,0.5804
130,跪下,0.5619,0.5294,0.3852,0.6022,0.5294,0.5543,0.5616
131,衣裳,0.5618,0.5026,0.4705,0.5379,0.5026,0.5868,0.6197
132,千万,0.5615,0.5334,0.4053,0.5903,0.5511,0.5334,0.5710
133,一张,0.5614,0.5346,0.4013,0.5678,0.5520,0.5912,0.5346
134,胳膊,0.5602,0.5218,0.4530,0.5700,0.5734,0.5218,0.5757
135,日子,0.5601,0.5326,0.4128,0.6116,0.5326,0.5463,0.5501
136,文章,0.5601,0.5037,0.3713,0.5732,0.5853,0.5037,0.5783
137,不同,0.5598,0.5170,0.4135,0.5808,0.5768,0.5647,0.5170
138,大事,0.5596,0.5296,0.3839,0.5370,0.5296,0.5724,0.5996
139,夫妻,0.5595,0.5029,0.3936,0.5587,0.5096,0.5029,0.6668
140,打听,0.5593,0.5548,0.4148,0.5603,0.5548,0.5616,0.5603
141,抬头,0.5592,0.5242,0.4480,0.5923,0.5242,0.5373,0.5831
142,不出,0.5590,0.4966,0.4623,0.4966,0.5629,0.5226,0.6538
143,回去,0.5589,0.5227,0.4222,0.6321,0.5410,0.5227,0.5396
144,何必,0.5587,0.5310,0.3833,0.5557,0.5310,0.5618,0.5863
145,一番,0.5587,0.4753,0.4069,0.5686,0.5643,0.4753,0.6265
146,打开,0.5580,0.5045,0.4205,0.5888,0.5531,0.5045,0.5854
147,开门,0.5577,0.4904,0.4167,0.5815,0.4904,0.5857,0.5734
148,姓名,0.5576,0.4841,0.3875,0.6177,0.5177,0.4841,0.6109
149,一条,0.5572,0.5192,0.4952,0.6438,0.5410,0.5192,0.5250
150,问道,0.5572,0.5090,0.4072,0.6248,0.5476,0.5090,0.5475
151,手里,0.5571,0.5106,0.3617,0.6100,0.5106,0.5208,0.5870
152,屋里,0.5570,0.4937,0.4447,0.5774,0.5700,0.4937,0.5869
153,不可,0.5569,0.4861,0.3511,0.5453,0.4861,0.5828,0.6135
154,不到,0.5567,0.4898,0.3627,0.4898,0.5401,0.6087,0.5881
155,脑袋,0.5560,0.5451,0.4252,0.5547,0.5458,0.5783,0.5451
156,举起,0.5559,0.5189,0.3887,0.5548,0.5189,0.5347,0.6155
157,手指,0.5557,0.4763,0.3614,0.5658,0.4763,0.5929,0.5878
158,纷纷,0.5556,0.4808,0.4427,0.5751,0.4808,0.5459,0.6205
159,关系,0.5553,0.4652,0.2777,0.5826,0.4652,0.5654,0.6079
160,浑身,0.5549,0.4882,0.4785,0.5879,0.4882,0.5676,0.5761
161,是从,0.5547,0.4848,0.4168,0.4848,0.5507,0.5980,0.5855
162,什么,0.5547,0.4973,0.4233,0.5383,0.4973,0.5889,0.5942
163,打扮,0.5546,0.4943,0.4135,0.5753,0.4943,0.5579,0.5908
164,不用,0.5546,0.5391,0.2977,0.5797,0.5459,0.5534,0.5391
165,一把,0.5544,0.5125,0.5148,0.5125,0.5645,0.5765,0.5641
166,不见,0.5544,0.5204,0.3776,0.5204,0.5656,0.5406,0.5908
167,大笑,0.5542,0.4771,0.4418,0.5637,0.4771,0.5849,0.5912
168,精神,0.5542,0.5044,0.3630,0.6388,0.5136,0.5044,0.5598
169,沉重,0.5541,0.4016,0.2625,0.6298,0.4016,0.6096,0.5755
170,一颗,0.5538,0.5060,0.3257,0.5525,0.5060,0.5326,0.6242
171,哪里,0.5536,0.5336,0.4817,0.5336,0.5477,0.5710,0.5619
172,感激,0.5536,0.4926,0.4326,0.5282,0.4926,0.5592,0.6343
173,一阵,0.5535,0.4772,0.3312,0.5812,0.4772,0.5801,0.5752
174,起身,0.5534,0.5341,0.4002,0.5601,0.5564,0.5341,0.5631
175,一带,0.5528,0.4990,0.3740,0.6165,0.5411,0.4990,0.5547
176,以来,0.5522,0.4646,0.4194,0.6340,0.4646,0.4767,0.6334
177,点头,0.5516,0.4814,0.3910,0.5646,0.4814,0.5510,0.6094
178,互相,0.5516,0.4134,0.4377,0.5289,0.4134,0.5836,0.6805
179,头上,0.5515,0.4268,0.4346,0.6124,0.4268,0.5693,0.5978
180,见过,0.5515,0.4997,0.4249,0.4997,0.5274,0.5878,0.5912
181,几分,0.5515,0.5195,0.4731,0.5533,0.5500,0.5195,0.5831
182,想起,0.5513,0.4666,0.3505,0.5914,0.4666,0.5949,0.5525
183,变化,0.5513,0.4263,0.2447,0.5257,0.4263,0.5787,0.6746
184,顺着,0.5509,0.5130,0.4325,0.5319,0.5412,0.5130,0.6176
185,故事,0.5506,0.4939,0.3829,0.5721,0.4939,0.5475,0.5890
186,半夜,0.5500,0.5135,0.3742,0.5636,0.5135,0.5392,0.5836
187,国家,0.5497,0.5052,0.3224,0.5609,0.5433,0.5052,0.5893
188,拿起,0.5496,0.5039,0.3426,0.5370,0.5039,0.5439,0.6136
189,书房,0.5491,0.5163,0.4033,0.6118,0.5163,0.5342,0.5341
190,往前,0.5481,0.5032,0.4150,0.5556,0.5182,0.5032,0.6153
191,一眼,0.5476,0.4944,0.3751,0.5026,0.4944,0.5805,0.6130
192,好看,0.5476,0.4677,0.4768,0.5682,0.4677,0.5568,0.5977
193,半个,0.5475,0.5013,0.3744,0.5918,0.5545,0.5013,0.5426
194,窗外,0.5475,0.4712,0.4127,0.5584,0.4712,0.5633,0.5971
195,炕上,0.5474,0.4517,0.4297,0.5244,0.4517,0.6226,0.5910
196,机会,0.5469,0.4848,0.3845,0.6413,0.4848,0.5444,0.5171
197,亲戚,0.5466,0.4948,0.4903,0.5556,0.5638,0.4948,0.5723
198,糊涂,0.5465,0.4806,0.4120,0.5187,0.4806,0.5611,0.6257
199,石头,0.5464,0.4865,0.5417,0.4963,0.4865,0.5661,0.6369
200,免得,0.5460,0.4865,0.3075,0.5982,0.5457,0.5538,0.4865
201,嘴里,0.5460,0.4995,0.4783,0.5754,0.4995,0.5468,0.5624
202,一群,0.5458,0.4618,0.4748,0.5602,0.4618,0.5675,0.5938
203,不知,0.5452,0.4731,0.4222,0.5611,0.4731,0.5321,0.6145
204,往下,0.5452,0.4406,0.3693,0.5945,0.5597,0.4406,0.5859
205,一生,0.5449,0.4939,0.3555,0.5468,0.5235,0.4939,0.6153
206,半晌,0.5447,0.4985,0.4640,0.5979,0.5125,0.5697,0.4985
207,渐渐,0.5444,0.4921,0.4033,0.5274,0.4921,0.5775,0.5806
208,放心,0.5444,0.5047,0.3429,0.5787,0.5211,0.5730,0.5047
209,不住,0.5437,0.5028,0.3771,0.5700,0.5280,0.5028,0.5741
210,一块,0.5436,0.5185,0.4281,0.5425,0.5806,0.5328,0.5185
211,身子,0.5435,0.5180,0.4885,0.5180,0.5514,0.5291,0.5755
212,好好,0.5427,0.4576,0.2520,0.4861,0.4576,0.6244,0.6027
213,心事,0.5426,0.4513,0.3996,0.5763,0.4513,0.5707,0.5723
214,微微,0.5425,0.4715,0.4062,0.5238,0.4715,0.5654,0.6093
215,规矩,0.5422,0.5073,0.4151,0.5073,0.5435,0.5639,0.5539
216,情愿,0.5421,0.4841,0.3711,0.6172,0.4841,0.5027,0.5646
217,之间,0.5421,0.4248,0.1831,0.5742,0.4248,0.5592,0.6101
218,用力,0.5420,0.4497,0.4659,0.6278,0.4497,0.5748,0.5155
219,一年,0.5418,0.4653,0.4264,0.5806,0.4653,0.5810,0.5403
220,不敢,0.5417,0.4945,0.3662,0.5299,0.5637,0.4945,0.5785
221,容易,0.5416,0.4270,0.3336,0.5352,0.4270,0.5839,0.6202
222,回到,0.5413,0.5158,0.3156,0.5278,0.5158,0.5559,0.5655
223,门口,0.5411,0.4803,0.3980,0.5629,0.4803,0.5884,0.5326
224,一种,0.5408,0.4796,0.3013,0.4796,0.5010,0.5578,0.6250
225,一对,0.5406,0.4894,0.3965,0.6110,0.4894,0.5232,0.5390
226,门上,0.5403,0.4498,0.4447,0.5880,0.4498,0.5388,0.5848
227,不算,0.5397,0.4914,0.2934,0.4914,0.5608,0.5221,0.5843
228,世界,0.5394,0.4391,0.3187,0.4391,0.5070,0.6335,0.5780
229,菩萨,0.5393,0.4664,0.4854,0.6165,0.5227,0.4664,0.5518
230,坐在,0.5390,0.4591,0.3806,0.5378,0.4591,0.5521,0.6070
231,双手,0.5390,0.4683,0.4071,0.5954,0.4683,0.5408,0.5513
232,问问,0.5388,0.5124,0.2968,0.5346,0.5124,0.5368,0.5716
233,几年,0.5388,0.5195,0.3078,0.5195,0.5203,0.5795,0.5357
234,多少,0.5383,0.4354,0.4018,0.5073,0.4354,0.5836,0.6269
235,身体,0.5382,0.5010,0.3787,0.5377,0.5010,0.5573,0.5571
236,两只,0.5381,0.5080,0.4505,0.5375,0.5080,0.5508,0.5561
237,可怜,0.5381,0.4812,0.3883,0.5033,0.4812,0.5849,0.5830
238,二十,0.5379,0.4975,0.4489,0.5930,0.4975,0.5284,0.5327
239,三年,0.5379,0.4552,0.3971,0.5571,0.4552,0.5801,0.5592
240,转身,0.5379,0.4316,0.3737,0.5501,0.4316,0.5177,0.6521
241,妇女,0.5378,0.4680,0.3536,0.6149,0.4680,0.5099,0.5585
242,答应,0.5377,0.4565,0.2856,0.4957,0.4565,0.5923,0.6063
243,商量,0.5377,0.4846,0.4249,0.4846,0.5792,0.5323,0.5546
244,天地,0.5371,0.4738,0.3949,0.6225,0.4738,0.4761,0.5759
245,不幸,0.5369,0.4116,0.3030,0.6415,0.4116,0.5202,0.5743
246,预备,0.5368,0.4581,0.2611,0.6093,0.4581,0.5508,0.5292
247,见面,0.5368,0.4875,0.3444,0.5044,0.4875,0.5773,0.5778
248,快乐,0.5367,0.3553,0.3072,0.6396,0.3553,0.5373,0.6145
249,方便,0.5363,0.4097,0.2469,0.5829,0.4097,0.5184,0.6343
250,不动,0.5361,0.4500,0.4214,0.5408,0.4500,0.5603,0.5932
251,两句,0.5360,0.4405,0.4306,0.5140,0.4405,0.6119,0.5774
252,脖子,0.5359,0.4739,0.4780,0.4739,0.4947,0.5872,0.5877
253,喊道,0.5358,0.5068,0.4250,0.5904,0.5150,0.5068,0.5310
254,颜色,0.5357,0.4633,0.3205,0.4704,0.4633,0.6215,0.5877
255,胡子,0.5357,0.4902,0.3864,0.5348,0.4902,0.5928,0.5250
256,衣服,0.5357,0.4912,0.4975,0.5374,0.5084,0.4912,0.6057
257,肚子,0.5356,0.4919,0.4449,0.4959,0.4919,0.5529,0.6019
258,样子,0.5355,0.4826,0.4129,0.4826,0.5161,0.5599,0.5836
259,难过,0.5354,0.4420,0.3925,0.5229,0.4420,0.5818,0.5950
260,衙门,0.5354,0.4882,0.4279,0.5782,0.5742,0.4882,0.5010
261,走出,0.5348,0.4078,0.2674,0.5810,0.4078,0.5818,0.5685
262,议论,0.5347,0.4421,0.2949,0.5022,0.4421,0.5623,0.6324
263,远远,0.5344,0.4499,0.2826,0.5888,0.5705,0.5284,0.4499
264,之类,0.5341,0.4873,0.3191,0.5707,0.4873,0.5696,0.5090
265,村庄,0.5339,0.4577,0.3369,0.5275,0.4577,0.5853,0.5652
266,底下,0.5339,0.5170,0.4283,0.5196,0.5170,0.5437,0.5552
267,一连,0.5338,0.4992,0.4387,0.6010,0.5010,0.4992,0.5341
268,连连,0.5337,0.4647,0.4228,0.6098,0.4647,0.4977,0.5627
269,手中,0.5335,0.4574,0.3159,0.5511,0.5296,0.4574,0.5958
270,万一,0.5333,0.4390,0.3806,0.5657,0.4390,0.5715,0.5571
271,做什么,0.5329,0.4642,0.3736,0.4998,0.4642,0.5609,0.6067
272,觉得,0.5329,0.4830,0.3641,0.5643,0.4830,0.5552,0.5290
273,队伍,0.5329,0.3724,0.2955,0.6033,0.3724,0.5511,0.6047
274,好汉,0.5326,0.5123,0.3657,0.5123,0.5264,0.5580,0.5337
275,彼此,0.5325,0.5077,0.3979,0.5817,0.5119,0.5077,0.5289
276,女婿,0.5324,0.4889,0.3893,0.5338,0.4889,0.5641,0.5427
277,不成,0.5324,0.4818,0.3985,0.5553,0.5017,0.4818,0.5907
278,半天,0.5323,0.4908,0.3152,0.4908,0.5409,0.5368,0.5608
279,动身,0.5323,0.4611,0.4594,0.5368,0.5706,0.4611,0.5609
280,一段,0.5323,0.4747,0.3266,0.4747,0.4816,0.6025,0.5704
281,人马,0.5323,0.4618,0.3357,0.5692,0.5628,0.4618,0.5353
282,不准,0.5322,0.4732,0.3426,0.4732,0.5141,0.5426,0.5990
283,周围,0.5322,0.4511,0.3116,0.6201,0.4511,0.4986,0.5588
284,东西,0.5320,0.4628,0.4238,0.5105,0.4628,0.5429,0.6116
285,交给,0.5319,0.5108,0.3539,0.5108,0.5134,0.5383,0.5653
286,不够,0.5319,0.4936,0.3854,0.5818,0.4936,0.5128,0.5392
287,不少,0.5318,0.4714,0.2555,0.4905,0.4714,0.5875,0.5779
288,进去,0.5316,0.4946,0.4066,0.4978,0.4946,0.5390,0.5952
289,难道,0.5316,0.5058,0.3833,0.5600,0.5078,0.5529,0.5058
290,看得,0.5315,0.4745,0.4112,0.4745,0.4830,0.6032,0.5654
291,几次,0.5315,0.4817,0.4223,0.4817,0.4950,0.5487,0.6006
292,这条,0.5315,0.5026,0.3329,0.5483,0.5234,0.5026,0.5514
293,一句话,0.5313,0.4249,0.4844,0.5548,0.4249,0.5412,0.6043
294,不给,0.5311,0.5077,0.3646,0.5328,0.5077,0.5359,0.5479
295,接过,0.5310,0.4850,0.4353,0.5322,0.4850,0.5096,0.5974
296,一道,0.5310,0.4691,0.3402,0.5901,0.4691,0.4977,0.5670
297,不安,0.5309,0.4105,0.3501,0.5545,0.4105,0.5645,0.5942
298,发出,0.5309,0.4491,0.3521,0.4510,0.4491,0.5888,0.6348
299,进来,0.5307,0.5159,0.3978,0.5213,0.5159,0.5506,0.5349
300,再三,0.5305,0.4904,0.4023,0.6294,0.4976,0.4904,0.5044
301,一会,0.5297,0.4914,0.4157,0.5621,0.4979,0.4914,0.5672
302,一句,0.5291,0.4975,0.4061,0.5763,0.5066,0.4975,0.5361
303,无论,0.5289,0.4895,0.3362,0.4895,0.5135,0.5177,0.5949
304,力量,0.5289,0.4148,0.2319,0.4555,0.4148,0.5838,0.6615
305,孩子,0.5288,0.4912,0.3989,0.4912,0.5007,0.5801,0.5431
306,安慰,0.5286,0.4301,0.3782,0.5667,0.4301,0.5512,0.5666
307,屁股,0.5286,0.5002,0.5307,0.5002,0.5017,0.5712,0.5414
308,摇头,0.5282,0.4467,0.3459,0.5282,0.4467,0.5586,0.5794
309,后面,0.5280,0.4677,0.3465,0.5180,0.4677,0.5511,0.5750
310,以外,0.5277,0.4026,0.2886,0.5604,0.4026,0.5805,0.5674
311,诸位,0.5276,0.4986,0.3577,0.5439,0.5235,0.4986,0.5443
312,眼里,0.5275,0.4562,0.3971,0.5272,0.4562,0.5151,0.6114
313,厉害,0.5274,0.4470,0.3326,0.5038,0.4470,0.5443,0.6144
314,从来,0.5273,0.4297,0.2871,0.4727,0.4297,0.5750,0.6316
315,父母,0.5271,0.4702,0.4040,0.5741,0.5693,0.4702,0.4951
316,人生,0.5271,0.3741,0.3943,0.6240,0.3741,0.5425,0.5677
317,提着,0.5266,0.4144,0.4227,0.5220,0.4144,0.5629,0.6072
318,婆婆,0.5264,0.4987,0.4076,0.5078,0.4987,0.5837,0.5155
319,英雄,0.5263,0.4164,0.3565,0.5789,0.5022,0.4164,0.6076
320,两天,0.5262,0.4827,0.3510,0.4827,0.5324,0.5546,0.5353
321,出身,0.5259,0.5165,0.3537,0.5416,0.5237,0.5165,0.5219
322,高声,0.5258,0.4330,0.4330,0.5608,0.4330,0.5263,0.5832
323,开口,0.5256,0.5196,0.3802,0.5279,0.5196,0.5249,0.5300
324,这件,0.5255,0.5057,0.4250,0.5179,0.5057,0.5140,0.5645
325,不好意思,0.5254,0.4852,0.3069,0.5223,0.4852,0.5698,0.5243
326,大叫,0.5254,0.4553,0.4288,0.5856,0.4768,0.4553,0.5839
327,一同,0.5251,0.4208,0.3612,0.6084,0.4208,0.5100,0.5612
328,前进,0.5248,0.3971,0.2743,0.5210,0.3971,0.5663,0.6148
329,再来,0.5246,0.4787,0.4148,0.5985,0.4823,0.5390,0.4787
330,一手,0.5245,0.5076,0.3205,0.5076,0.5579,0.5192,0.5133
331,一样,0.5244,0.4698,0.3768,0.4804,0.4698,0.5798,0.5676
332,船上,0.5244,0.4895,0.4555,0.5346,0.5242,0.4895,0.5493
333,不吃,0.5244,0.4649,0.4708,0.5509,0.5216,0.4649,0.5602
334,一次,0.5243,0.3913,0.3750,0.5842,0.3913,0.5526,0.5690
335,楼上,0.5242,0.4972,0.3825,0.4972,0.5004,0.5631,0.5362
336,树林,0.5241,0.4302,0.4050,0.6183,0.4949,0.4302,0.5528
337,回家,0.5238,0.4789,0.3203,0.5123,0.4789,0.5704,0.5336
338,明白,0.5238,0.4367,0.3808,0.5424,0.4367,0.5412,0.5748
339,这位,0.5237,0.4747,0.3771,0.5487,0.4828,0.4747,0.5885
340,拦住,0.5236,0.4677,0.4281,0.5667,0.4677,0.5266,0.5334
341,妹妹,0.5235,0.4764,0.3290,0.5328,0.4764,0.5705,0.5145
342,到处,0.5235,0.4700,0.3377,0.5158,0.4700,0.5448,0.5635
343,房里,0.5231,0.4592,0.3709,0.4592,0.5689,0.4953,0.5691
344,不要,0.5230,0.4806,0.3095,0.5316,0.4806,0.5372,0.5426
345,之外,0.5230,0.5000,0.4555,0.5000,0.5404,0.5332,0.5185
346,一天,0.5228,0.4844,0.3844,0.4948,0.4844,0.5351,0.5769
347,不该,0.5227,0.4726,0.3887,0.5305,0.4726,0.5310,0.5568
348,伺候,0.5227,0.4657,0.3078,0.6127,0.4657,0.4717,0.5409
349,走到,0.5227,0.4440,0.4167,0.5987,0.4440,0.5079,0.5403
350,意外,0.5224,0.4588,0.3201,0.5629,0.4588,0.5328,0.5352
351,人民,0.5220,0.4242,0.2812,0.5435,0.4299,0.4242,0.6903
352,把手,0.5220,0.4929,0.3747,0.5633,0.4929,0.4960,0.5357
353,影响,0.5216,0.4067,0.1909,0.4923,0.4067,0.5465,0.6407
354,走路,0.5215,0.4525,0.2882,0.4525,0.4551,0.5784,0.6001
355,上面,0.5214,0.4623,0.3503,0.5550,0.4623,0.5220,0.5462
356,地下,0.5212,0.4682,0.2612,0.5648,0.5520,0.4682,0.4999
357,东方,0.5209,0.4300,0.3626,0.4445,0.4300,0.5944,0.6148
358,怎样,0.5207,0.4543,0.3947,0.5150,0.4543,0.5509,0.5628
359,不信,0.5206,0.5003,0.3400,0.5003,0.5096,0.5065,0.5661
360,迎接,0.5206,0.4216,0.3073,0.6253,0.4767,0.4216,0.5590
361,大声,0.5206,0.4199,0.4082,0.5366,0.4199,0.5667,0.5591
362,两年,0.5204,0.4952,0.3434,0.4952,0.5421,0.5223,0.5220
363,工夫,0.5202,0.4783,0.3545,0.5125,0.5548,0.5352,0.4783
364,道理,0.5201,0.4407,0.3950,0.5435,0.5060,0.4407,0.5903
365,愿意,0.5199,0.4065,0.4343,0.5999,0.4065,0.5191,0.5540
366,两手,0.5197,0.4592,0.3603,0.5505,0.4592,0.5471,0.5219
367,旁边,0.5195,0.4781,0.3759,0.5702,0.4848,0.5449,0.4781
368,加上,0.5192,0.4921,0.2769,0.5607,0.5032,0.4921,0.5210
369,总要,0.5191,0.4862,0.2665,0.4862,0.5396,0.5062,0.5444
370,四面,0.5187,0.4437,0.3465,0.6095,0.4437,0.4960,0.5259
371,带来,0.5185,0.3815,0.2314,0.5464,0.3815,0.5585,0.5875
372,院里,0.5184,0.4433,0.3471,0.4433,0.5505,0.5148,0.5651
373,早晨,0.5183,0.4704,0.3323,0.4704,0.4836,0.5211,0.5981
374,为什么,0.5181,0.4835,0.4260,0.5634,0.4835,0.4900,0.5353
375,心头,0.5180,0.4230,0.3815,0.5881,0.4230,0.4911,0.5696
376,吃饭,0.5180,0.5037,0.4513,0.5122,0.5228,0.5332,0.5037
377,对面,0.5175,0.4575,0.3381,0.5022,0.4575,0.5588,0.5515
378,下来,0.5174,0.4617,0.3541,0.5690,0.4617,0.5455,0.4934
379,晚上,0.5173,0.4937,0.4177,0.4998,0.4937,0.4976,0.5780
380,然后,0.5172,0.4292,0.3282,0.5786,0.4292,0.5098,0.5512
381,清楚,0.5172,0.4732,0.2978,0.5155,0.4908,0.4732,0.5890
382,门外,0.5171,0.4491,0.3409,0.5292,0.4491,0.5397,0.5504
383,模样,0.5171,0.4676,0.3858,0.5953,0.4987,0.4676,0.5069
384,辛苦,0.5170,0.4807,0.4291,0.5541,0.5308,0.4807,0.5025
385,女子,0.5170,0.4437,0.3390,0.5718,0.4437,0.5273,0.5251
386,那条,0.5167,0.4776,0.3858,0.5241,0.4776,0.5359,0.5293
387,有些,0.5165,0.4644,0.2821,0.5730,0.4644,0.5481,0.4806
388,上山,0.5164,0.4749,0.3963,0.5760,0.4749,0.4863,0.5282
389,不肯,0.5163,0.4776,0.3851,0.5261,0.4776,0.5272,0.5342
390,来得,0.5160,0.4150,0.3682,0.5247,0.4150,0.5348,0.5895
391,走去,0.5160,0.4213,0.3171,0.4720,0.4213,0.5256,0.6451
392,无法,0.5158,0.3573,0.3150,0.4921,0.3573,0.5802,0.6337
393,学生,0.5157,0.3230,0.3472,0.3230,0.5383,0.6086,0.5927
394,究竟,0.5157,0.4572,0.3942,0.5405,0.4572,0.4922,0.5727
395,可爱,0.5156,0.4091,0.3715,0.5495,0.4091,0.5731,0.5305
396,一层,0.5154,0.3652,0.3735,0.4519,0.3652,0.5726,0.6717
397,叹息,0.5148,0.3946,0.3877,0.5589,0.3946,0.5144,0.5912
398,夜里,0.5147,0.4408,0.3614,0.4408,0.4992,0.5720,0.5467
399,子来,0.5145,0.4983,0.4160,0.5077,0.5053,0.5467,0.4983
400,如何,0.5144,0.4537,0.3426,0.5489,0.4537,0.5426,0.5126
401,中国,0.5142,0.4606,0.3975,0.4606,0.4612,0.5124,0.6224
402,如同,0.5141,0.4664,0.3527,0.5708,0.4664,0.4789,0.5403
403,走进,0.5141,0.3894,0.3596,0.5742,0.3894,0.5675,0.5253
404,目前,0.5140,0.4277,0.1912,0.5954,0.4277,0.5014,0.5314
405,一直,0.5139,0.4379,0.2420,0.5142,0.5205,0.5832,0.4379
406,慢慢,0.5139,0.4214,0.3580,0.5140,0.4214,0.5366,0.5837
407,匆匆,0.5138,0.4591,0.3360,0.5125,0.4591,0.4845,0.5991
408,不必,0.5137,0.4819,0.3968,0.5902,0.4839,0.4819,0.4989
409,令人,0.5134,0.3998,0.3108,0.5447,0.3998,0.4380,0.6710
410,一下,0.5133,0.3950,0.2652,0.5491,0.3950,0.5608,0.5482
411,要到,0.5131,0.4903,0.3209,0.5127,0.5586,0.4910,0.4903
412,送来,0.5131,0.4553,0.3441,0.4830,0.4553,0.5583,0.5557
413,事情,0.5130,0.4614,0.4232,0.4614,0.4882,0.5600,0.5422
414,失去,0.5129,0.2819,0.1845,0.4945,0.2819,0.5922,0.6829
415,回答,0.5126,0.4675,0.4303,0.5284,0.4675,0.4949,0.5597
416,只顾,0.5126,0.4305,0.3722,0.4305,0.5432,0.5561,0.5206
417,笑话,0.5123,0.4839,0.4305,0.4956,0.4839,0.5317,0.5381
418,无数,0.5120,0.4598,0.3045,0.5382,0.4598,0.4869,0.5630
419,微笑,0.5114,0.3766,0.3478,0.4959,0.3766,0.5382,0.6350
420,在家,0.5110,0.4324,0.3678,0.5368,0.5586,0.5163,0.4324
421,如此,0.5110,0.4670,0.2648,0.4756,0.4670,0.5221,0.5792
422,好处,0.5109,0.4739,0.3422,0.4739,0.5024,0.5269,0.5405
423,个个,0.5108,0.4516,0.4107,0.5673,0.4516,0.5132,0.5110
424,忽然,0.5106,0.4787,0.3190,0.5260,0.4787,0.5100,0.5277
425,里面,0.5106,0.4662,0.4058,0.4798,0.4662,0.5305,0.5656
426,从此,0.5105,0.4490,0.3601,0.6159,0.4490,0.4531,0.5238
427,才说,0.5104,0.4326,0.2994,0.4326,0.5463,0.5514,0.5112
428,外人,0.5103,0.4901,0.3852,0.4954,0.5337,0.4901,0.5219
429,几句话,0.5101,0.4510,0.3926,0.4796,0.4510,0.5728,0.5370
430,说起,0.5100,0.5052,0.3744,0.5052,0.5097,0.5136,0.5117
431,年轻,0.5100,0.4266,0.3626,0.4266,0.4490,0.5551,0.6095
432,走上,0.5096,0.4530,0.3607,0.5604,0.4530,0.4676,0.5576
433,两条,0.5096,0.4389,0.4042,0.5361,0.4389,0.5254,0.5380
434,遇见,0.5095,0.4875,0.3561,0.5464,0.5129,0.4914,0.4875
435,一大,0.5094,0.4290,0.3531,0.4565,0.4290,0.5961,0.5560
436,好人,0.5093,0.4497,0.3294,0.5124,0.4497,0.5229,0.5520
437,听见,0.5091,0.4247,0.3354,0.4247,0.4853,0.5541,0.5722
438,长大,0.5090,0.4191,0.3380,0.5350,0.4191,0.5098,0.5721
439,一路,0.5089,0.4405,0.2889,0.5945,0.4405,0.4998,0.5009
440,往后,0.5089,0.4828,0.3408,0.5410,0.4828,0.5232,0.4886
441,路上,0.5089,0.4368,0.3143,0.5244,0.4368,0.5147,0.5595
442,客人,0.5088,0.4495,0.3603,0.5091,0.4495,0.5434,0.5332
443,重新,0.5087,0.3989,0.3393,0.5663,0.3989,0.4719,0.5978
444,地位,0.5085,0.3759,0.2157,0.5536,0.3759,0.5395,0.5651
445,事儿,0.5085,0.4229,0.3792,0.4672,0.4229,0.5422,0.6016
446,只要,0.5079,0.4594,0.3026,0.4937,0.4594,0.5502,0.5284
447,起来,0.5079,0.4732,0.3648,0.4732,0.5316,0.4996,0.5271
448,他家,0.5078,0.4519,0.3471,0.5652,0.4729,0.4519,0.5411
449,三个,0.5078,0.4920,0.4205,0.5049,0.5127,0.4920,0.5216
450,告诉,0.5076,0.4726,0.3078,0.5376,0.4726,0.5116,0.5087
451,两位,0.5074,0.3982,0.3055,0.5401,0.3982,0.5544,0.5368
452,更加,0.5073,0.3989,0.4241,0.5122,0.3989,0.5216,0.5965
453,小孩子,0.5072,0.4490,0.3568,0.4963,0.4904,0.4490,0.5929
454,害怕,0.5071,0.4810,0.4044,0.5451,0.4918,0.4810,0.5106
455,冷笑,0.5068,0.4674,0.4687,0.5318,0.4674,0.5194,0.5084
456,打着,0.5068,0.4177,0.4029,0.4759,0.4177,0.5453,0.5881
457,不便,0.5066,0.4617,0.4359,0.5241,0.4617,0.4898,0.5508
458,情形,0.5065,0.4201,0.3621,0.5636,0.5227,0.5197,0.4201
459,所有,0.5065,0.4169,0.2994,0.5640,0.4169,0.4995,0.5455
460,一团,0.5064,0.4588,0.2675,0.5271,0.4848,0.4588,0.5548
461,慌忙,0.5064,0.4807,0.3773,0.5230,0.4811,0.4807,0.5407
462,身上,0.5063,0.4357,0.4036,0.5135,0.4357,0.4981,0.5779
463,出去,0.5062,0.4271,0.3764,0.5283,0.4271,0.4722,0.5972
464,说明,0.5062,0.4324,0.3007,0.5797,0.4324,0.4838,0.5289
465,这话,0.5061,0.4568,0.3676,0.4933,0.4568,0.5274,0.5470
466,面前,0.5059,0.4516,0.3656,0.5534,0.4516,0.5056,0.5130
467,里来,0.5058,0.4595,0.2949,0.4629,0.4595,0.5593,0.5415
468,剩下,0.5056,0.4174,0.4796,0.4725,0.4174,0.5517,0.5810
469,实在,0.5055,0.4740,0.3661,0.4740,0.4873,0.5237,0.5371
470,毫无,0.5055,0.3980,0.3178,0.5439,0.3980,0.5156,0.5644
471,前面,0.5054,0.4527,0.3080,0.5753,0.4527,0.4703,0.5233
472,等候,0.5050,0.4649,0.3601,0.5217,0.4649,0.5142,0.5192
473,怎么,0.5047,0.4746,0.3667,0.4870,0.4746,0.5406,0.5168
474,出门,0.5046,0.4510,0.3962,0.4778,0.5869,0.5027,0.4510
475,家里,0.5046,0.4601,0.3563,0.4601,0.5066,0.5127,0.5387
476,个人,0.5044,0.4629,0.4248,0.4973,0.4629,0.4956,0.5618
477,其余,0.5044,0.4182,0.2677,0.6011,0.4182,0.4189,0.5795
478,外边,0.5044,0.4010,0.3916,0.4957,0.4010,0.5848,0.5359
479,随便,0.5044,0.4402,0.2294,0.4417,0.4402,0.5695,0.5660
480,各自,0.5043,0.4422,0.4261,0.5614,0.4422,0.4643,0.5494
481,真是,0.5043,0.4788,0.3185,0.4788,0.5056,0.5158,0.5167
482,口里,0.5039,0.4530,0.3828,0.5267,0.5360,0.4530,0.5001
483,一个大,0.5039,0.4479,0.3111,0.5332,0.4479,0.4745,0.5601
484,朋友,0.5039,0.4465,0.3561,0.5111,0.4465,0.4605,0.5975
485,咱们,0.5039,0.4885,0.3467,0.5123,0.4885,0.4888,0.5261
486,不了,0.5037,0.4079,0.2858,0.4709,0.4079,0.5452,0.5906
487,无人,0.5033,0.4571,0.3600,0.5792,0.4771,0.4571,0.4997
488,一般,0.5032,0.4487,0.3601,0.5137,0.4487,0.4848,0.5657
489,自从,0.5029,0.4650,0.4457,0.5046,0.4650,0.5115,0.5306
490,别的,0.5027,0.4673,0.3472,0.4788,0.4673,0.5275,0.5373
491,粮食,0.5027,0.4450,0.4434,0.5077,0.4450,0.5149,0.5433
492,一个个,0.5025,0.4401,0.4666,0.4912,0.4401,0.4988,0.5797
493,下面,0.5024,0.4598,0.2967,0.5134,0.4817,0.5547,0.4598
494,这事,0.5019,0.4730,0.3716,0.4730,0.4891,0.4938,0.5519
495,不下,0.5015,0.4790,0.2360,0.5236,0.4821,0.4790,0.5213
496,嘱咐,0.5014,0.4596,0.3686,0.4596,0.4715,0.5245,0.5501
497,非常,0.5014,0.4201,0.1430,0.4560,0.4201,0.5531,0.5762
498,正要,0.5014,0.4330,0.4313,0.4932,0.4330,0.4741,0.6052
499,奇怪,0.5008,0.4267,0.3514,0.5402,0.4267,0.4778,0.5584
500,今晚,0.5006,0.4471,0.3174,0.5484,0.4471,0.5395,0.4675
501,而来,0.5006,0.4526,0.3067,0.5378,0.4526,0.4706,0.5415
502,生气,0.5006,0.4579,0.3313,0.5174,0.4579,0.4837,0.5434
503,南京,0.5005,0.4426,0.3998,0.5145,0.4426,0.5406,0.5041
504,要是,0.5004,0.4595,0.3977,0.4595,0.5058,0.5022,0.5342
505,这么,0.5002,0.4625,0.4760,0.5101,0.4625,0.5030,0.5251
506,才能,0.5001,0.4428,0.3044,0.4609,0.4428,0.5299,0.5667
507,正是,0.4999,0.4420,0.2768,0.5177,0.4572,0.4420,0.5828
508,一班,0.4996,0.4365,0.2562,0.5370,0.4491,0.4365,0.5760
509,有钱,0.4995,0.4691,0.4484,0.4861,0.4691,0.5109,0.5320
510,除了,0.4995,0.4862,0.3063,0.5015,0.4947,0.4862,0.5157
511,车子,0.4991,0.4806,0.3992,0.4887,0.4900,0.5372,0.4806
512,不觉,0.4991,0.4378,0.3532,0.5742,0.5037,0.4378,0.4807
513,走过,0.4988,0.4463,0.3520,0.4463,0.4993,0.5254,0.5243
514,说什么,0.4988,0.4165,0.3623,0.4165,0.4646,0.4913,0.6228
515,许多,0.4988,0.4059,0.2488,0.5323,0.4059,0.5225,0.5344
516,安排,0.4987,0.4573,0.2434,0.5238,0.4573,0.4965,0.5173
517,认识,0.4987,0.4141,0.4124,0.4141,0.5091,0.4883,0.5835
518,不由,0.4986,0.4789,0.3360,0.5092,0.4789,0.5059,0.5004
519,成功,0.4983,0.4210,0.2682,0.4596,0.4210,0.5998,0.5129
520,闲话,0.4982,0.4659,0.4038,0.5081,0.4659,0.5176,0.5012
521,名叫,0.4981,0.4631,0.4405,0.5439,0.4631,0.4718,0.5135
522,大小,0.4977,0.4435,0.4571,0.5815,0.4583,0.4435,0.5074
523,人家,0.4976,0.4362,0.3353,0.4702,0.4362,0.5098,0.5743
524,不怕,0.4975,0.4671,0.4595,0.4671,0.4727,0.5040,0.5463
525,十年,0.4975,0.4725,0.3764,0.4835,0.5397,0.4725,0.4943
526,喜欢,0.4975,0.4178,0.3316,0.5107,0.4178,0.5751,0.4862
527,之内,0.4973,0.4156,0.3164,0.5865,0.4156,0.4610,0.5262
528,这些,0.4973,0.4311,0.3280,0.5353,0.4311,0.5312,0.4916
529,寻找,0.4971,0.4021,0.3372,0.5195,0.4021,0.4742,0.5925
530,十分,0.4970,0.4617,0.3855,0.5157,0.4617,0.4687,0.5420
531,四个,0.4967,0.4268,0.3952,0.4791,0.4268,0.5069,0.5739
532,经过,0.4961,0.4089,0.2585,0.5031,0.4089,0.5138,0.5586
533,招呼,0.4960,0.4348,0.3833,0.4348,0.4620,0.4932,0.5941
534,地方,0.4960,0.3618,0.2688,0.5203,0.3618,0.5726,0.5291
535,只见,0.4958,0.4448,0.3221,0.5164,0.4533,0.4448,0.5689
536,不错,0.4955,0.4251,0.3414,0.5133,0.4251,0.4950,0.5485
537,外头,0.4954,0.4661,0.4041,0.5247,0.4661,0.4868,0.5041
538,只好,0.4952,0.4665,0.3655,0.4665,0.4966,0.5117,0.5060
539,不管,0.4952,0.4451,0.4125,0.4750,0.4451,0.5156,0.5451
540,已是,0.4948,0.4591,0.4016,0.5250,0.4920,0.4591,0.5033
541,能够,0.4945,0.4165,0.2864,0.4165,0.4707,0.5593,0.5313
542,正在,0.4945,0.4268,0.4738,0.6122,0.4414,0.4268,0.4975
543,不久,0.4944,0.3704,0.2979,0.4804,0.3704,0.5280,0.5989
544,难得,0.4944,0.4378,0.4121,0.5860,0.4994,0.4544,0.4378
545,去年,0.4944,0.4624,0.3184,0.5037,0.4624,0.5208,0.4906
546,母亲,0.4943,0.4532,0.2934,0.5371,0.4738,0.4532,0.5130
547,也好,0.4940,0.4403,0.2900,0.4920,0.4403,0.5311,0.5124
548,人人,0.4937,0.4561,0.3432,0.5295,0.4561,0.5070,0.4823
549,留在,0.4936,0.4319,0.3380,0.5227,0.4319,0.5219,0.4978
550,随着,0.4935,0.4292,0.2611,0.4292,0.4341,0.5078,0.6029
551,天下,0.4935,0.4324,0.3802,0.6061,0.4920,0.4434,0.4324
552,人物,0.4935,0.4286,0.2680,0.4286,0.4523,0.4891,0.6038
553,那位,0.4934,0.4876,0.4202,0.4910,0.4876,0.4933,0.5018
554,来看,0.4933,0.3969,0.3865,0.4918,0.3969,0.5287,0.5559
555,几乎,0.4933,0.4128,0.2724,0.5325,0.4128,0.5296,0.4983
556,一会儿,0.4932,0.4356,0.4309,0.4478,0.4356,0.5345,0.5551
557,一说,0.4931,0.4484,0.3525,0.4484,0.4560,0.5526,0.5157
558,背着,0.4929,0.4432,0.4112,0.4432,0.4502,0.5307,0.5476
559,难以,0.4926,0.3290,0.2883,0.5366,0.3290,0.5052,0.5995
560,伙计,0.4925,0.4405,0.3683,0.4405,0.5695,0.4784,0.4817
561,没人,0.4923,0.4678,0.3514,0.4678,0.4946,0.4991,0.5076
562,家伙,0.4921,0.4130,0.2072,0.4946,0.4130,0.5495,0.5114
563,上去,0.4921,0.4017,0.4004,0.4426,0.4017,0.5253,0.5987
564,男子,0.4918,0.4295,0.4332,0.5688,0.4295,0.4763,0.4926
565,越发,0.4917,0.4751,0.3727,0.4924,0.4949,0.5046,0.4751
566,不好,0.4916,0.4431,0.3092,0.4611,0.4431,0.5309,0.5313
567,何况,0.4916,0.4238,0.3704,0.5668,0.4238,0.4965,0.4792
568,做出,0.4911,0.4035,0.3317,0.5809,0.4947,0.4035,0.4854
569,心里,0.4910,0.4647,0.3994,0.5093,0.4647,0.5018,0.4883
570,那些,0.4910,0.3959,0.3335,0.5650,0.3959,0.4854,0.5176
571,独自,0.4906,0.4741,0.3554,0.4769,0.4994,0.4741,0.5118
572,有点,0.4905,0.4363,0.3417,0.4363,0.4613,0.5154,0.5487
573,通知,0.4904,0.4299,0.2933,0.4424,0.4299,0.5329,0.5565
574,商议,0.4903,0.3874,0.3947,0.6120,0.4839,0.3874,0.4780
575,努力,0.4902,0.3681,0.2251,0.4868,0.3681,0.5830,0.5229
576,勉强,0.4894,0.4489,0.3505,0.5322,0.4489,0.4614,0.5150
577,来往,0.4892,0.4546,0.2606,0.4565,0.4546,0.5733,0.4726
578,二位,0.4891,0.4690,0.3313,0.4730,0.4690,0.5109,0.5037
579,一旁,0.4887,0.4182,0.2961,0.5740,0.4182,0.4658,0.4968
580,眼前,0.4886,0.3520,0.2798,0.4297,0.3520,0.5857,0.5871
581,左右,0.4884,0.4516,0.2637,0.5183,0.4867,0.4516,0.4970
582,一点,0.4884,0.4058,0.3458,0.4913,0.4058,0.5153,0.5412
583,之中,0.4884,0.4050,0.3946,0.4845,0.4050,0.4714,0.5926
584,进门,0.4877,0.4619,0.3545,0.4821,0.4619,0.4905,0.5165
585,丫头,0.4877,0.3779,0.4385,0.5278,0.5351,0.5101,0.3779
586,还要,0.4877,0.4491,0.2889,0.4491,0.4616,0.5211,0.5191
587,只得,0.4874,0.4576,0.3709,0.5374,0.4618,0.4576,0.4929
588,准备,0.4872,0.3521,0.3103,0.5343,0.3521,0.5099,0.5527
589,急急,0.4872,0.4001,0.4152,0.4331,0.4001,0.5314,0.5843
590,设法,0.4872,0.4321,0.3921,0.4872,0.4321,0.5310,0.4984
591,说话的,0.4869,0.3478,0.2025,0.3478,0.4856,0.5428,0.5713
592,一看,0.4864,0.4390,0.3489,0.5365,0.4902,0.4390,0.4801
593,一套,0.4864,0.4575,0.2588,0.4872,0.4883,0.4575,0.5125
594,不禁,0.4863,0.4134,0.2462,0.4254,0.4134,0.5168,0.5897
595,青年,0.4863,0.4010,0.2563,0.4010,0.4198,0.6167,0.5077
596,留下,0.4862,0.4521,0.2641,0.4583,0.4521,0.4759,0.5586
597,可惜,0.4862,0.4367,0.3600,0.5585,0.5012,0.4367,0.4485
598,低声,0.4860,0.2944,0.3751,0.5094,0.2944,0.5823,0.5579
599,似的,0.4860,0.3597,0.3817,0.5041,0.3597,0.4924,0.5878
600,带领,0.4859,0.4039,0.3450,0.5746,0.4646,0.4039,0.5006
601,连忙,0.4857,0.4669,0.4009,0.5192,0.4697,0.4669,0.4869
602,男人,0.4855,0.4560,0.2911,0.4893,0.4854,0.5113,0.4560
603,嫂子,0.4851,0.4318,0.3469,0.4686,0.5252,0.4318,0.5149
604,有人,0.4850,0.4774,0.3768,0.4827,0.4947,0.4774,0.4852
605,仿佛,0.4850,0.4497,0.2943,0.5065,0.4582,0.4497,0.5256
606,后边,0.4849,0.4202,0.2365,0.4202,0.4508,0.5306,0.5381
607,不足,0.4849,0.4049,0.2921,0.5617,0.4900,0.4049,0.4829
608,有个,0.4849,0.4637,0.3169,0.4764,0.4970,0.4637,0.5023
609,进城,0.4848,0.4495,0.2504,0.5492,0.4538,0.4495,0.4867
610,为我,0.4848,0.3887,0.1945,0.5031,0.3887,0.4884,0.5590
611,走来,0.4845,0.3641,0.2648,0.3641,0.4943,0.5016,0.5780
612,赶到,0.4845,0.4427,0.3595,0.4852,0.4427,0.4764,0.5337
613,一听,0.4844,0.4081,0.3776,0.5649,0.4081,0.4901,0.4746
614,城里,0.4839,0.4454,0.3613,0.4942,0.4847,0.5111,0.4454
615,一时,0.4838,0.3948,0.3172,0.4907,0.3948,0.4920,0.5576
616,就要,0.4835,0.4565,0.3627,0.4565,0.4727,0.4615,0.5432
617,偶然,0.4830,0.4564,0.3470,0.4733,0.4564,0.4675,0.5347
618,等待,0.4829,0.3096,0.3246,0.5310,0.3096,0.5276,0.5634
619,山东,0.4829,0.4159,0.4079,0.4159,0.5271,0.4480,0.5406
620,真的,0.4829,0.4589,0.3656,0.5229,0.4712,0.4589,0.4785
621,的话,0.4829,0.4340,0.3658,0.4702,0.4969,0.4340,0.5303
622,听到,0.4828,0.3790,0.3763,0.5262,0.3790,0.4788,0.5471
623,你们,0.4827,0.4034,0.3371,0.4954,0.4034,0.5166,0.5153
624,打发,0.4824,0.4436,0.3206,0.5049,0.4994,0.4436,0.4818
625,看出,0.4822,0.4483,0.3813,0.4975,0.4483,0.4765,0.5066
626,低头,0.4819,0.4180,0.3763,0.4736,0.4180,0.4939,0.5421
627,道路,0.4818,0.3897,0.3606,0.3897,0.3982,0.5378,0.6014
628,那人,0.4814,0.4552,0.3940,0.5388,0.4552,0.4731,0.4585
629,有事,0.4813,0.3946,0.4213,0.4949,0.3946,0.4911,0.5445
630,一半,0.4812,0.4516,0.3452,0.4675,0.4516,0.4830,0.5226
631,各人,0.4812,0.4129,0.4432,0.4762,0.4129,0.5046,0.5310
632,里边,0.4810,0.4200,0.3015,0.4608,0.4200,0.5527,0.4905
633,得罪,0.4808,0.3842,0.3763,0.4936,0.3842,0.4901,0.5551
634,下去,0.4807,0.3405,0.2727,0.4659,0.3405,0.5371,0.5792
635,来说,0.4807,0.4480,0.2525,0.5363,0.4480,0.4637,0.4747
636,或是,0.4807,0.3953,0.3748,0.4683,0.3953,0.5057,0.5534
637,男女,0.4805,0.4014,0.3510,0.4850,0.4014,0.4866,0.5492
638,不大,0.4805,0.4212,0.2410,0.4212,0.5091,0.4725,0.5191
639,上下,0.4804,0.3618,0.3616,0.4705,0.3618,0.5416,0.5479
640,强盗,0.4803,0.4285,0.3455,0.5856,0.4597,0.4285,0.4476
641,不然,0.4803,0.4277,0.2245,0.6159,0.4277,0.4369,0.4409
642,动手,0.4803,0.4519,0.3957,0.4841,0.4694,0.4519,0.5158
643,外国,0.4803,0.3493,0.3150,0.3493,0.4775,0.5331,0.5612
644,为难,0.4799,0.4621,0.3054,0.4635,0.4944,0.4621,0.4998
645,以及,0.4798,0.4073,0.2996,0.4111,0.4073,0.5581,0.5427
646,一家,0.4798,0.4247,0.3370,0.5312,0.4247,0.4861,0.4771
647,答道,0.4797,0.4415,0.3451,0.5334,0.4964,0.4477,0.4415
648,不在,0.4795,0.4585,0.2731,0.4964,0.4967,0.4663,0.4585
649,山上,0.4795,0.4425,0.3953,0.5112,0.4697,0.4425,0.4944
650,不会,0.4792,0.3687,0.3104,0.3687,0.5022,0.4878,0.5581
651,父亲,0.4791,0.4450,0.2682,0.4943,0.4820,0.4450,0.4950
652,你家,0.4790,0.4367,0.3871,0.5078,0.4367,0.4973,0.4743
653,不能,0.4789,0.3981,0.2432,0.4729,0.3981,0.4813,0.5634
654,那边,0.4789,0.4442,0.3619,0.4442,0.4966,0.4924,0.4825
655,老子,0.4789,0.3909,0.2964,0.3909,0.4274,0.4492,0.6480
656,不曾,0.4788,0.4446,0.3670,0.4551,0.4446,0.4981,0.5173
657,县里,0.4786,0.4036,0.3136,0.5925,0.4072,0.4036,0.5111
658,暗暗,0.4782,0.4035,0.4386,0.5412,0.4035,0.4508,0.5173
659,着急,0.4782,0.4518,0.3826,0.4518,0.4672,0.4917,0.5020
660,背后,0.4781,0.4158,0.2312,0.4677,0.5245,0.5044,0.4158
661,丈夫,0.4780,0.4165,0.3207,0.5378,0.4165,0.4535,0.5043
662,这种,0.4780,0.4207,0.3797,0.4408,0.4207,0.4916,0.5588
663,外面,0.4780,0.4497,0.3618,0.4980,0.4935,0.4497,0.4707
664,忘记,0.4779,0.3803,0.3489,0.3803,0.4924,0.4857,0.5532
665,前来,0.4778,0.4345,0.3856,0.5429,0.4345,0.4613,0.4726
666,想到,0.4778,0.4103,0.3133,0.5190,0.4103,0.4963,0.4855
667,要求,0.4775,0.3763,0.1538,0.4312,0.3763,0.4992,0.6035
668,只怕,0.4773,0.4317,0.3415,0.5253,0.4317,0.4473,0.5048
669,土地,0.4771,0.4269,0.1623,0.4269,0.4304,0.4377,0.6135
670,指着,0.4771,0.4046,0.3937,0.4899,0.4046,0.4870,0.5268
671,百姓,0.4766,0.4230,0.4266,0.5004,0.4929,0.4902,0.4230
672,大约,0.4762,0.3817,0.2881,0.4125,0.3817,0.5627,0.5480
673,几个,0.4761,0.4399,0.2234,0.4892,0.4399,0.4602,0.5152
674,没有,0.4761,0.4315,0.3618,0.4315,0.4476,0.4532,0.5722
675,不如,0.4759,0.4443,0.3369,0.4849,0.4443,0.5043,0.4701
676,办事,0.4758,0.4243,0.3722,0.5417,0.4243,0.4506,0.4865
677,中间,0.4756,0.4091,0.2902,0.5621,0.4091,0.4870,0.4440
678,叫声,0.4754,0.2896,0.1990,0.4527,0.2896,0.5737,0.5855
679,老师,0.4751,0.3941,0.2853,0.5069,0.5193,0.3941,0.4804
680,变成,0.4751,0.3579,0.3278,0.4652,0.3579,0.4901,0.5873
681,媳妇,0.4750,0.4116,0.2537,0.4929,0.4994,0.4963,0.4116
682,为人,0.4750,0.4172,0.4353,0.5877,0.4610,0.4343,0.4172
683,意思,0.4749,0.4396,0.3759,0.4396,0.4648,0.5020,0.4933
684,得意,0.4749,0.3642,0.2610,0.5157,0.3642,0.4776,0.5420
685,当面,0.4747,0.4177,0.3105,0.4371,0.4177,0.4942,0.5497
686,一旦,0.4746,0.4278,0.1854,0.5527,0.4278,0.4313,0.4868
687,亲自,0.4742,0.4409,0.3535,0.4675,0.4409,0.4717,0.5167
688,一齐,0.4741,0.4411,0.4283,0.4629,0.4966,0.4411,0.4956
689,这一,0.4740,0.4397,0.3494,0.5320,0.4397,0.4502,0.4740
690,照顾,0.4738,0.3894,0.3220,0.4520,0.3894,0.5428,0.5109
691,不断,0.4737,0.3847,0.2222,0.4885,0.3847,0.5178,0.5038
692,就算,0.4737,0.4025,0.2956,0.4025,0.4550,0.5025,0.5349
693,上来,0.4736,0.4357,0.2909,0.4559,0.4357,0.4856,0.5173
694,生活,0.4735,0.3275,0.3155,0.4350,0.3275,0.5301,0.6013
695,大家,0.4733,0.3788,0.2846,0.4834,0.3788,0.4957,0.5355
696,随即,0.4729,0.3842,0.2258,0.5260,0.3842,0.4755,0.5058
697,立刻,0.4727,0.4361,0.3425,0.5449,0.4361,0.4472,0.4626
698,故意,0.4727,0.4510,0.2653,0.4759,0.4510,0.5073,0.4564
699,说话,0.4724,0.3456,0.3199,0.4622,0.3456,0.5042,0.5775
700,提出,0.4721,0.3745,0.1765,0.4647,0.3745,0.5418,0.5073
701,既然,0.4720,0.4183,0.3071,0.4879,0.4183,0.4847,0.4973
702,认真,0.4719,0.3565,0.2386,0.5061,0.3565,0.4576,0.5675
703,得来,0.4718,0.4284,0.3672,0.4916,0.4337,0.4284,0.5336
704,思想,0.4718,0.2794,0.0926,0.4415,0.2794,0.4870,0.6794
705,近来,0.4718,0.3915,0.3264,0.4967,0.3915,0.5125,0.4864
706,行动,0.4713,0.3676,0.1342,0.4450,0.3676,0.5395,0.5333
707,等到,0.4713,0.4237,0.2635,0.4717,0.4237,0.4602,0.5297
708,店里,0.4710,0.4302,0.3010,0.4519,0.5550,0.4302,0.4468
709,不止,0.4709,0.4275,0.3862,0.5265,0.4523,0.4275,0.4773
710,上边,0.4707,0.4355,0.2759,0.4537,0.4933,0.4355,0.5003
711,指示,0.4706,0.3567,0.2414,0.5692,0.3720,0.3567,0.5844
712,相信,0.4704,0.3745,0.3458,0.4124,0.3745,0.5435,0.5510
713,人们,0.4703,0.2681,0.2572,0.4961,0.2681,0.5711,0.5460
714,姊妹,0.4703,0.3945,0.3612,0.5593,0.4082,0.3945,0.5192
715,一头,0.4700,0.3529,0.3914,0.5212,0.3529,0.4906,0.5151
716,不得,0.4698,0.4191,0.3172,0.5235,0.4744,0.4191,0.4623
717,跟前,0.4697,0.3864,0.3434,0.5034,0.3864,0.4806,0.5085
718,过去,0.4695,0.4466,0.2818,0.4583,0.4590,0.4466,0.5143
719,身边,0.4695,0.3978,0.3157,0.5271,0.3978,0.4132,0.5398
720,一切,0.4693,0.3118,0.2912,0.4589,0.3118,0.5360,0.5706
721,为了,0.4688,0.4041,0.2496,0.4688,0.4041,0.4940,0.5084
722,这样,0.4684,0.3771,0.3286,0.5612,0.3915,0.3771,0.5438
723,几位,0.4676,0.4408,0.4199,0.5121,0.4754,0.4408,0.4423
724,吩咐,0.4672,0.3479,0.2847,0.5343,0.4476,0.3479,0.5392
725,直到,0.4670,0.4473,0.3397,0.4533,0.4473,0.4705,0.4969
726,好些,0.4667,0.3680,0.2998,0.4536,0.3680,0.4602,0.5852
727,一定,0.4665,0.4063,0.3437,0.4922,0.4063,0.4535,0.5140
728,不但,0.4665,0.4397,0.3951,0.5041,0.4397,0.4705,0.4516
729,算是,0.4659,0.3670,0.3171,0.4489,0.3670,0.5244,0.5234
730,回来,0.4658,0.3820,0.3086,0.4360,0.3820,0.4817,0.5636
731,心中,0.4657,0.4162,0.2931,0.5220,0.4162,0.4388,0.4859
732,一起,0.4656,0.3870,0.2961,0.3870,0.3901,0.4883,0.5970
733,怎么样,0.4655,0.4106,0.3636,0.4347,0.4106,0.5384,0.4786
734,眼看,0.4654,0.4243,0.2921,0.4243,0.4554,0.4646,0.5175
735,不再,0.4654,0.4182,0.3838,0.5168,0.4182,0.4609,0.4656
736,一处,0.4652,0.4071,0.3322,0.5325,0.4407,0.4071,0.4804
737,多年,0.4648,0.4196,0.3523,0.4745,0.4196,0.4443,0.5210
738,迅速,0.4643,0.3041,0.1039,0.5942,0.3041,0.4541,0.5048
739,总是,0.4642,0.3577,0.2769,0.4750,0.3577,0.4644,0.5596
740,前去,0.4638,0.3965,0.3138,0.5195,0.3965,0.4249,0.5141
741,手下,0.4636,0.4158,0.2892,0.5214,0.4158,0.4645,0.4527
742,上前,0.4631,0.4006,0.4282,0.4702,0.4006,0.4605,0.5209
743,不着,0.4629,0.3744,0.4050,0.4716,0.3744,0.4610,0.5445
744,上房,0.4629,0.3405,0.2911,0.5696,0.5534,0.3879,0.3405
745,必然,0.4627,0.3849,0.2476,0.4925,0.3849,0.4249,0.5485
746,一一,0.4626,0.3817,0.4210,0.5682,0.4458,0.4547,0.3817
747,必须,0.4624,0.3497,0.2859,0.4488,0.3497,0.4987,0.5523
748,明明,0.4621,0.4223,0.2669,0.5039,0.4223,0.4901,0.4321
749,看看,0.4619,0.4088,0.3013,0.4509,0.4088,0.4795,0.5082
750,小子,0.4618,0.3262,0.2632,0.3262,0.4910,0.5034,0.5265
751,老实,0.4616,0.3890,0.2869,0.3899,0.3890,0.5142,0.5531
752,讲话,0.4615,0.3828,0.2993,0.4487,0.3828,0.4693,0.5454
753,得到,0.4615,0.3041,0.2595,0.3041,0.3513,0.6297,0.5609
754,甚么,0.4613,0.4418,0.3194,0.4688,0.4418,0.4767,0.4577
755,异常,0.4611,0.3197,0.2466,0.4882,0.3197,0.4657,0.5709
756,正好,0.4610,0.3268,0.2910,0.5084,0.3268,0.5147,0.4942
757,晓得,0.4608,0.4135,0.2902,0.4135,0.4184,0.4466,0.5648
758,观看,0.4606,0.4112,0.3071,0.4955,0.5004,0.4112,0.4354
759,可不,0.4604,0.4177,0.2714,0.4177,0.4967,0.4694,0.4578
760,急忙,0.4604,0.4188,0.3571,0.4632,0.4188,0.4495,0.5101
761,一回,0.4603,0.3848,0.2283,0.5307,0.4158,0.3848,0.5100
762,不是,0.4602,0.3673,0.3752,0.3673,0.4541,0.4867,0.5325
763,过来,0.4600,0.4060,0.3383,0.4309,0.4060,0.4424,0.5605
764,作为,0.4599,0.4043,0.1970,0.4804,0.4043,0.4753,0.4797
765,来到,0.4598,0.3856,0.3141,0.4656,0.4736,0.3856,0.5145
766,有时,0.4597,0.3926,0.3154,0.4364,0.3926,0.5175,0.4923
767,众人,0.4595,0.4185,0.3542,0.4425,0.4185,0.4570,0.5198
768,两个,0.4592,0.4364,0.3185,0.4364,0.4673,0.4733,0.4598
769,不得不,0.4585,0.4077,0.2644,0.5156,0.4077,0.4353,0.4754
770,我家,0.4584,0.4094,0.3375,0.4851,0.4558,0.4094,0.4833
771,却是,0.4583,0.4054,0.2431,0.5013,0.4054,0.4208,0.5058
772,一面,0.4582,0.3592,0.3382,0.5571,0.4478,0.4686,0.3592
773,其中,0.4576,0.3539,0.1931,0.5511,0.3539,0.4567,0.4689
774,都来,0.4575,0.3350,0.3789,0.5525,0.3350,0.4957,0.4467
775,天天,0.4571,0.4228,0.3259,0.4228,0.4613,0.5023,0.4421
776,弟兄,0.4570,0.3442,0.3994,0.5266,0.4426,0.3442,0.5148
777,一些,0.4570,0.2323,0.1904,0.5109,0.2323,0.5533,0.5315
778,莫非,0.4570,0.3720,0.2551,0.5539,0.4882,0.3720,0.4137
779,认得,0.4567,0.4497,0.3674,0.4667,0.4552,0.4497,0.4553
780,后来,0.4566,0.4379,0.1814,0.4492,0.4652,0.4379,0.4743
781,主人,0.4565,0.3875,0.3115,0.3992,0.3875,0.4670,0.5723
782,时常,0.4565,0.4474,0.4248,0.4571,0.4700,0.4515,0.4474
783,的这,0.4563,0.3716,0.2932,0.4285,0.4764,0.3716,0.5488
784,叫做,0.4551,0.4258,0.3331,0.5014,0.4668,0.4258,0.4265
785,别人,0.4547,0.3822,0.3012,0.4045,0.3822,0.4942,0.5380
786,帮助,0.4547,0.4035,0.2900,0.4892,0.4035,0.4409,0.4850
787,或者,0.4547,0.4133,0.2327,0.5487,0.4133,0.4167,0.4400
788,不对,0.4545,0.3531,0.2883,0.3531,0.4144,0.4942,0.5563
789,将来,0.4543,0.3677,0.2404,0.3677,0.4463,0.4683,0.5348
790,这人,0.4541,0.4130,0.3291,0.5084,0.4299,0.4130,0.4651
791,不料,0.4540,0.4261,0.3256,0.4592,0.4844,0.4261,0.4463
792,不免,0.4540,0.4141,0.3371,0.4226,0.4840,0.4141,0.4951
793,忍不住,0.4539,0.3747,0.3702,0.4616,0.3747,0.4622,0.5169
794,缘故,0.4538,0.3444,0.2142,0.5688,0.3444,0.4845,0.4176
795,和尚,0.4535,0.3474,0.3940,0.5466,0.4222,0.3474,0.4979
796,看来,0.4534,0.3736,0.2447,0.4937,0.3736,0.4909,0.4555
797,不来,0.4532,0.4230,0.3630,0.4573,0.4230,0.4598,0.4727
798,到底,0.4531,0.3726,0.3047,0.4012,0.3726,0.4366,0.6021
799,这般,0.4531,0.4134,0.4254,0.5027,0.4274,0.4134,0.4690
800,虽是,0.4531,0.4147,0.3493,0.5105,0.4560,0.4147,0.4311
801,到来,0.4528,0.3073,0.2424,0.4486,0.3073,0.4859,0.5694
802,必要,0.4527,0.3402,0.1651,0.5025,0.3402,0.4138,0.5544
803,汉子,0.4522,0.4232,0.3132,0.4232,0.4408,0.4346,0.5102
804,儿子,0.4521,0.4331,0.3268,0.4451,0.4331,0.4953,0.4348
805,说道,0.4519,0.3819,0.3193,0.4518,0.4532,0.3819,0.5206
806,真正,0.4518,0.3373,0.2463,0.5056,0.3373,0.4347,0.5297
807,有意,0.4518,0.4371,0.2399,0.4629,0.4502,0.4371,0.4569
808,所谓,0.4517,0.3358,0.2722,0.5908,0.3358,0.4048,0.4756
809,看见,0.4514,0.4135,0.2938,0.4295,0.4498,0.4135,0.5127
810,言语,0.4512,0.4328,0.3982,0.5019,0.4328,0.4357,0.4343
811,没法,0.4509,0.3338,0.3324,0.5315,0.3338,0.4694,0.4690
812,交代,0.4507,0.3886,0.2259,0.4761,0.3974,0.3886,0.5409
813,一边,0.4504,0.4153,0.3295,0.4375,0.4164,0.4153,0.5325
814,平常,0.4501,0.3467,0.3140,0.4876,0.3467,0.4687,0.4974
815,向前,0.4498,0.3151,0.1780,0.3840,0.3151,0.5610,0.5391
816,下山,0.4498,0.4018,0.3400,0.5105,0.4590,0.4018,0.4278
817,这边,0.4498,0.3748,0.2828,0.3748,0.3998,0.4732,0.5512
818,太太,0.4494,0.3813,0.2769,0.5142,0.4684,0.3813,0.4338
819,第一,0.4483,0.3903,0.3508,0.5216,0.3903,0.4137,0.4677
820,既是,0.4483,0.3895,0.2733,0.4996,0.3895,0.3979,0.5060
821,要说,0.4480,0.3598,0.3491,0.4556,0.3598,0.4946,0.4821
822,差不多,0.4479,0.3831,0.4254,0.4570,0.3831,0.4153,0.5362
823,平时,0.4478,0.3926,0.3110,0.3926,0.4393,0.4459,0.5134
824,罢了,0.4475,0.3866,0.3159,0.4600,0.3866,0.4710,0.4723
825,之下,0.4474,0.3747,0.2106,0.4781,0.3747,0.4802,0.4564
826,大娘,0.4472,0.4076,0.3042,0.4076,0.4293,0.4465,0.5054
827,老太太,0.4470,0.4082,0.2960,0.4852,0.4082,0.4688,0.4259
828,妻子,0.4470,0.3648,0.2862,0.4821,0.3662,0.3648,0.5749
829,高兴,0.4470,0.3834,0.3607,0.4326,0.3834,0.4651,0.5069
830,第二,0.4468,0.4251,0.3121,0.4568,0.4420,0.4632,0.4251
831,翻身,0.4467,0.4102,0.3662,0.5056,0.4385,0.4102,0.4324
832,平日,0.4466,0.3371,0.2673,0.5334,0.4184,0.4976,0.3371
833,女人,0.4465,0.4277,0.2979,0.4303,0.4277,0.5002,0.4278
834,虽然,0.4463,0.3565,0.3257,0.4657,0.3565,0.4187,0.5442
835,原是,0.4461,0.4109,0.3489,0.4413,0.4512,0.4109,0.4809
836,姑娘,0.4460,0.3969,0.2580,0.4445,0.3969,0.4472,0.4955
837,想着,0.4460,0.4125,0.4323,0.4125,0.4332,0.4206,0.5178
838,以前,0.4459,0.4116,0.2907,0.4170,0.4116,0.4986,0.4565
839,知道,0.4459,0.3927,0.3117,0.4254,0.3927,0.4797,0.4858
840,跟着,0.4459,0.4122,0.3645,0.4584,0.4122,0.4176,0.4953
841,已经,0.4457,0.3201,0.3265,0.4626,0.3201,0.5049,0.4954
842,时候,0.4454,0.3793,0.3133,0.5212,0.3793,0.4000,0.4811
843,只管,0.4453,0.3836,0.3436,0.5280,0.3836,0.4037,0.4660
844,北京,0.4453,0.3380,0.2686,0.3380,0.3865,0.5073,0.5494
845,大人,0.4448,0.3584,0.3869,0.4784,0.3584,0.4128,0.5295
846,尚未,0.4442,0.3591,0.3170,0.5650,0.3591,0.3793,0.4736
847,哥哥,0.4439,0.4039,0.2169,0.4208,0.4039,0.4586,0.4925
848,将军,0.4432,0.4062,0.3339,0.4656,0.4062,0.4294,0.4713
849,若是,0.4430,0.3926,0.2537,0.4776,0.3926,0.4279,0.4737
850,兄弟,0.4427,0.4313,0.3960,0.4522,0.4313,0.4349,0.4526
851,那里,0.4427,0.3988,0.2230,0.4163,0.4759,0.3988,0.4797
852,光景,0.4425,0.3942,0.3568,0.4921,0.3999,0.3942,0.4838
853,结束,0.4423,0.2827,0.1485,0.4582,0.2827,0.4717,0.5565
854,女儿,0.4422,0.3575,0.3511,0.5178,0.4321,0.3575,0.4615
855,常常,0.4421,0.3404,0.3945,0.4233,0.3404,0.5141,0.4907
856,拿来,0.4419,0.3966,0.3509,0.4203,0.3966,0.4620,0.4888
857,回头,0.4419,0.3892,0.3289,0.4182,0.3892,0.5156,0.4447
858,今夜,0.4418,0.3519,0.2735,0.6227,0.3991,0.3933,0.3519
859,那样,0.4414,0.3933,0.3521,0.4418,0.3933,0.4446,0.4858
860,不想,0.4412,0.3054,0.1654,0.4069,0.3054,0.5050,0.5475
861,大概,0.4407,0.3749,0.2348,0.5177,0.3749,0.4345,0.4359
862,赶紧,0.4404,0.3947,0.3319,0.4070,0.3947,0.4335,0.5266
863,应该,0.4402,0.3715,0.2646,0.3715,0.4196,0.4531,0.5168
864,要来,0.4398,0.4260,0.3698,0.4353,0.4405,0.4260,0.4575
865,一向,0.4398,0.4072,0.2001,0.4853,0.4267,0.4400,0.4072
866,不多,0.4397,0.4125,0.3105,0.4740,0.4216,0.4505,0.4125
867,老爷,0.4392,0.3461,0.3273,0.5370,0.4370,0.4365,0.3461
868,保护,0.4390,0.3431,0.2562,0.3431,0.4708,0.4467,0.4953
869,之前,0.4387,0.3771,0.2018,0.4730,0.4151,0.3771,0.4895
870,指挥,0.4376,0.3616,0.2872,0.4890,0.3616,0.3910,0.5087
871,使得,0.4374,0.2959,0.1152,0.5509,0.2959,0.4239,0.4788
872,出来,0.4373,0.3603,0.3372,0.3950,0.3603,0.5024,0.4915
873,里头,0.4373,0.3721,0.3552,0.4636,0.4486,0.3721,0.4648
874,奶奶,0.4372,0.3518,0.3273,0.5215,0.4443,0.4311,0.3518
875,可以,0.4366,0.3704,0.2375,0.4155,0.3704,0.4395,0.5209
876,身后,0.4357,0.3889,0.2916,0.3889,0.4147,0.4487,0.4906
877,当中,0.4353,0.3838,0.2131,0.4922,0.3881,0.3838,0.4770
878,师傅,0.4349,0.3801,0.2035,0.5091,0.4418,0.3801,0.4085
879,看到,0.4346,0.3679,0.1419,0.4907,0.3679,0.4104,0.4693
880,好像,0.4344,0.3167,0.3024,0.3167,0.3283,0.5336,0.5589
881,上头,0.4341,0.3103,0.2916,0.3103,0.4447,0.4829,0.4986
882,不过,0.4340,0.4037,0.2410,0.4709,0.4371,0.4037,0.4242
883,心上,0.4339,0.2455,0.3260,0.4006,0.2455,0.5729,0.5168
884,从前,0.4330,0.4044,0.3384,0.4240,0.4462,0.4573,0.4044
885,提起,0.4329,0.3590,0.3067,0.4548,0.3590,0.4764,0.4415
886,突然,0.4328,0.3629,0.3941,0.3956,0.3629,0.4768,0.4960
887,悄悄,0.4325,0.3695,0.2920,0.5306,0.3695,0.3937,0.4363
888,说是,0.4316,0.2884,0.3243,0.5394,0.2884,0.4136,0.4850
889,还有,0.4307,0.4034,0.3171,0.4034,0.4113,0.4515,0.4565
890,对着,0.4303,0.4026,0.3996,0.4026,0.4295,0.4596,0.4292
891,如果,0.4300,0.3575,0.3143,0.3575,0.3881,0.4591,0.5152
892,最好,0.4296,0.3649,0.2579,0.3649,0.4016,0.4030,0.5490
893,面上,0.4289,0.3685,0.3144,0.4527,0.4287,0.3685,0.4659
894,家中,0.4275,0.3691,0.3495,0.5212,0.4054,0.3691,0.4141
895,不行,0.4269,0.3330,0.2224,0.3330,0.3832,0.4847,0.5069
896,观察,0.4265,0.2649,0.2508,0.3513,0.2649,0.5191,0.5707
897,我们,0.4263,0.3705,0.2222,0.4957,0.3705,0.4041,0.4351
898,因此,0.4252,0.3337,0.2727,0.5169,0.3337,0.4264,0.4238
899,听说,0.4247,0.3721,0.1928,0.3721,0.4110,0.4492,0.4663
900,暂时,0.4242,0.3967,0.3206,0.3967,0.4107,0.4487,0.4408
901,以后,0.4225,0.3668,0.3166,0.4790,0.3668,0.4284,0.4159
902,只有,0.4225,0.3744,0.2448,0.4746,0.4015,0.3744,0.4395
903,所说,0.4222,0.3872,0.3529,0.4069,0.3872,0.4230,0.4718
904,姐姐,0.4222,0.3116,0.3198,0.4990,0.3116,0.4253,0.4528
905,恐怕,0.4219,0.3868,0.2250,0.4305,0.4632,0.3868,0.4072
906,其实,0.4214,0.3385,0.2050,0.3385,0.3524,0.4453,0.5493
907,更是,0.4213,0.3994,0.2991,0.4401,0.4458,0.3994,0.3997
908,刚才,0.4212,0.3449,0.3210,0.4229,0.4075,0.3449,0.5095
909,老人,0.4210,0.2861,0.3241,0.4437,0.2861,0.4299,0.5241
910,刚刚,0.4208,0.3696,0.2704,0.4067,0.3696,0.4489,0.4582
911,话说,0.4201,0.3329,0.1527,0.3859,0.3329,0.4369,0.5248
912,可能,0.4200,0.2119,0.1755,0.5309,0.2119,0.4732,0.4637
913,也罢,0.4196,0.3583,0.3297,0.5075,0.3818,0.3583,0.4310
914,那时,0.4193,0.3294,0.2497,0.5381,0.3294,0.3539,0.4558
915,老人家,0.4192,0.3900,0.3357,0.4207,0.3900,0.3957,0.4705
916,之后,0.4192,0.3678,0.3664,0.4938,0.3678,0.3912,0.4239
917,小姐,0.4191,0.3694,0.1688,0.4141,0.4072,0.4859,0.3694
918,并且,0.4190,0.3610,0.2538,0.4139,0.3610,0.3895,0.5118
919,这里,0.4189,0.3833,0.2894,0.4735,0.4353,0.3833,0.3836
920,以为,0.4188,0.3178,0.1778,0.5264,0.3178,0.3997,0.4313
921,今天,0.4182,0.2457,0.2349,0.2457,0.4990,0.4650,0.4629
922,二人,0.4182,0.3808,0.3099,0.4633,0.4123,0.3808,0.4162
923,但是,0.4171,0.3310,0.1347,0.3310,0.4538,0.3905,0.4931
924,妹子,0.4169,0.3455,0.2953,0.4839,0.3455,0.3913,0.4469
925,这个,0.4168,0.4039,0.2524,0.4046,0.4071,0.4039,0.4516
926,时节,0.4167,0.2723,0.3212,0.5200,0.2723,0.3917,0.4827
927,再说,0.4167,0.3473,0.2063,0.3473,0.3758,0.4392,0.5044
928,早已,0.4164,0.3902,0.2870,0.4434,0.3902,0.4037,0.4282
929,就是,0.4144,0.3343,0.2023,0.4361,0.3343,0.3877,0.4997
930,看着,0.4139,0.3315,0.2695,0.3315,0.3580,0.4769,0.4890
931,高大,0.4138,0.2873,0.4398,0.5316,0.5401,0.2873,0.2962
932,妈妈,0.4136,0.2997,0.2284,0.4077,0.2997,0.4449,0.5021
933,然而,0.4124,0.3721,0.2335,0.3783,0.3862,0.3721,0.5129
934,接着,0.4122,0.3339,0.2487,0.3885,0.3339,0.5239,0.4025
935,随后,0.4112,0.3220,0.2556,0.4850,0.3567,0.3220,0.4811
936,马上,0.4108,0.3494,0.2712,0.3866,0.3494,0.4194,0.4877
937,爷爷,0.4104,0.3422,0.1356,0.5040,0.3728,0.4224,0.3422
938,前边,0.4100,0.3119,0.3077,0.3119,0.3338,0.5106,0.4837
939,原来,0.4096,0.3255,0.2134,0.4503,0.3255,0.4496,0.4130
940,况且,0.4095,0.3652,0.2171,0.4634,0.4358,0.3652,0.3736
941,打算,0.4094,0.3366,0.3109,0.4075,0.3893,0.3366,0.5041
942,今日,0.4093,0.3526,0.4004,0.4963,0.4272,0.3526,0.3612
943,立即,0.4083,0.3250,0.3688,0.3999,0.3250,0.3991,0.5094
944,当初,0.4079,0.3409,0.3366,0.4552,0.3923,0.3409,0.4433
945,虽说,0.4071,0.3890,0.3149,0.3890,0.3915,0.4330,0.4150
946,毕竟,0.4065,0.3529,0.1811,0.4449,0.3994,0.3529,0.4288
947,果然,0.4057,0.3721,0.3331,0.4469,0.3721,0.3852,0.4185
948,昨夜,0.4048,0.3634,0.3103,0.4713,0.4056,0.3634,0.3790
949,欢喜,0.4046,0.3793,0.3519,0.4493,0.3793,0.3946,0.3952
950,还是,0.4044,0.3684,0.2480,0.3684,0.3920,0.4000,0.4573
951,主张,0.4044,0.2657,0.2748,0.2657,0.3921,0.4780,0.4817
952,那个,0.4043,0.3667,0.2152,0.3667,0.3681,0.4471,0.4353
953,老婆,0.4040,0.3884,0.3283,0.4074,0.3884,0.4056,0.4146
954,叔叔,0.4019,0.3815,0.2561,0.3815,0.3927,0.4289,0.4047
955,大爷,0.4007,0.3522,0.3158,0.4392,0.4230,0.3885,0.3522
956,仍然,0.4002,0.3090,0.2498,0.4585,0.3090,0.3825,0.4508
957,二哥,0.4000,0.3529,0.2898,0.4701,0.3775,0.3994,0.3529
958,向来,0.3986,0.3790,0.1461,0.3790,0.3872,0.4294,0.3989
959,当年,0.3983,0.3286,0.2539,0.4115,0.3286,0.3869,0.4661
960,一来,0.3980,0.3661,0.3451,0.4161,0.4295,0.3661,0.3803
961,只是,0.3967,0.2963,0.2302,0.4237,0.2963,0.4213,0.4455
962,依然,0.3950,0.2939,0.1653,0.3723,0.2939,0.4603,0.4536
963,自家,0.3950,0.2938,0.3430,0.4227,0.3751,0.2938,0.4884
964,想要,0.3941,0.2974,0.2779,0.4550,0.2974,0.4018,0.4222
965,前后,0.3930,0.3434,0.2974,0.4312,0.3890,0.3434,0.4086
966,自然,0.3922,0.2399,0.2518,0.5078,0.2399,0.3985,0.4225
967,先生,0.3911,0.3038,0.3857,0.4740,0.3507,0.3038,0.4358
968,至于,0.3908,0.3539,0.2942,0.3658,0.3775,0.3539,0.4662
969,自己,0.3908,0.2686,0.3713,0.3354,0.2686,0.4279,0.5312
970,结果,0.3906,0.3092,0.3552,0.3203,0.3092,0.4443,0.4888
971,一个,0.3906,0.3222,0.3484,0.4199,0.3222,0.4365,0.3838
972,而且,0.3875,0.2994,0.2392,0.3603,0.2994,0.3932,0.4969
973,大哥,0.3874,0.3452,0.2542,0.4675,0.3452,0.3675,0.3695
974,依旧,0.3871,0.3288,0.2041,0.3776,0.3288,0.4100,0.4321
975,这回,0.3871,0.3284,0.2270,0.3284,0.3822,0.3964,0.4412
976,如今,0.3868,0.3292,0.2450,0.4310,0.3772,0.3292,0.4096
977,少年,0.3854,0.3417,0.3328,0.4139,0.3417,0.3420,0.4439
978,此刻,0.3845,0.3446,0.0817,0.3720,0.3446,0.3987,0.4229
979,谁知,0.3844,0.3350,0.3374,0.4136,0.3350,0.4148,0.3743
980,他们,0.3827,0.2974,0.2710,0.4302,0.2974,0.3634,0.4401
981,仍旧,0.3824,0.3286,0.2978,0.4299,0.3286,0.4264,0.3448
982,因为,0.3822,0.2665,0.2807,0.4187,0.2665,0.3342,0.5092
983,分明,0.3812,0.2976,0.3472,0.4888,0.3860,0.2976,0.3526
984,现在,0.3811,0.3477,0.1676,0.4090,0.3477,0.3567,0.4109
985,所以,0.3799,0.2499,0.2412,0.4363,0.2499,0.3332,0.5000
986,于是,0.3789,0.2548,0.2501,0.3870,0.2548,0.4147,0.4592
987,当时,0.3788,0.2654,0.1518,0.3276,0.2654,0.4897,0.4324
988,父子,0.3763,0.2588,0.3576,0.4450,0.3621,0.2588,0.4392
989,大姐,0.3738,0.2960,0.2768,0.2960,0.4236,0.4260,0.3498
990,老大,0.3729,0.3520,0.2261,0.3896,0.3520,0.3902,0.3600
991,夫妇,0.3723,0.3248,0.2923,0.3722,0.3248,0.3849,0.4073
992,即使,0.3706,0.1803,0.2154,0.4295,0.1803,0.4357,0.4369
993,可是,0.3691,0.2234,0.1936,0.4787,0.2234,0.4131,0.3613
994,同时,0.3691,0.2196,0.1666,0.4207,0.2196,0.3639,0.4720
995,此时,0.3655,0.3126,0.3318,0.4510,0.3126,0.3377,0.3609
996,便是,0.3592,0.2906,0.2676,0.4329,0.3275,0.2906,0.3860
997,这时,0.3555,0.2664,0.2571,0.3169,0.2664,0.4123,0.4265
998,本来,0.3455,0.2780,0.2274,0.2780,0.3204,0.3972,0.3866
999,当下,0.3407,0.2674,0.2393,0.3979,0.4070,0.2904,0.2674
1000,却说,0.3273,0.1893,0.2778,0.4953,0.3165,0.1893,0.3079
