word,mean_change,std_change,ci_low,ci_high,n_trials,z_score,count_pre,count_post,cooc_pre,cooc_post,null_mean,p_value
皇上,0.172184,0.036212,0.100030,0.245492,100,4.754823,34,2802,0,66,-0.000497,0.009901
九爷,0.160416,0.038554,0.091659,0.238137,100,4.160797,12,169,0,6,-0.002747,0.009901
原本,0.145191,0.039706,0.072591,0.225092,100,3.656614,27,312,1,9,0.002020,0.019802
所有人,0.140413,0.036146,0.073196,0.212430,100,3.884622,43,328,1,6,-0.000329,0.019802
灵魂,0.139207,0.037906,0.053993,0.207613,100,3.672373,90,605,4,7,0.004952,0.029703
奴才,0.135669,0.036687,0.068718,0.208958,100,3.697989,33,647,0,12,-0.000867,0.009901
激情,0.128836,0.037368,0.053210,0.194889,100,3.447741,68,238,13,24,0.008552,0.049505
外公,0.127777,0.037496,0.055784,0.197049,100,3.407745,10,1358,0,33,0.004814,0.019802
舞台,0.127213,0.038862,0.055953,0.199426,100,3.273453,84,444,0,6,-0.005305,0.029703
大臣,0.126968,0.039483,0.056358,0.195350,100,3.215723,10,207,0,5,-0.004695,0.019802
厨师,0.124367,0.037841,0.060713,0.196095,100,3.286540,10,164,0,5,-0.006231,0.009901
思维,0.123544,0.036419,0.065858,0.185737,100,3.392254,21,175,0,8,0.003130,0.039604
安宁,0.119421,0.035334,0.062664,0.184139,100,3.379796,40,178,1,18,0.002201,0.039604
体验,0.117750,0.038037,0.044767,0.190945,100,3.095665,49,243,1,6,0.000267,0.069307
世人,0.117268,0.036351,0.053490,0.195543,100,3.225954,13,84,0,6,-0.002337,0.029703
魔鬼,0.115240,0.039649,0.040188,0.182713,100,2.906541,78,120,2,6,-0.003542,0.029703
女孩,0.114524,0.039297,0.037331,0.179596,100,2.914304,58,539,0,12,-0.002341,0.019802
意境,0.113981,0.036621,0.045271,0.186732,100,3.112458,6,67,0,5,0.003812,0.079208
自卑,0.113656,0.034378,0.058192,0.176825,100,3.306035,13,88,1,11,0.004361,0.039604
陈独秀,0.110112,0.038722,0.043112,0.185390,100,2.843643,8,1190,0,23,0.003071,0.069307
项目,0.109992,0.040744,0.039491,0.186390,100,2.699616,21,444,0,10,0.004211,0.059406
索性,0.109847,0.042922,0.032500,0.177822,100,2.559213,144,320,4,5,-0.000944,0.029703
艺术家,0.109438,0.037137,0.038164,0.174356,100,2.946869,30,170,0,5,-0.000054,0.039604
大师,0.109169,0.043488,0.026406,0.184318,100,2.510351,14,157,0,5,-0.001701,0.039604
城市,0.108702,0.038202,0.028496,0.185433,100,2.845459,298,1351,1,13,0.000396,0.049505
橱窗,0.108435,0.034783,0.043036,0.171970,100,3.117453,13,90,2,6,-0.001467,0.049505
雷霆,0.107483,0.039570,0.035870,0.173885,100,2.716291,10,349,0,8,0.004935,0.069307
天地,0.106386,0.034853,0.037545,0.163898,100,3.052419,125,218,0,7,0.005931,0.029703
感觉,0.106189,0.036680,0.042763,0.176822,100,2.894974,954,2228,69,150,0.000839,0.069307
啤酒,0.105312,0.035976,0.034770,0.169232,100,2.927292,17,126,0,5,0.000966,0.079208
标准,0.104883,0.039820,0.038924,0.182419,100,2.633958,77,233,1,7,-0.002975,0.049505
绮云,0.103894,0.034213,0.044189,0.171122,100,3.036653,6,627,0,7,0.008993,0.069307
我会,0.103829,0.038227,0.039145,0.178792,100,2.716112,164,533,1,9,0.002351,0.079208
骆驼,0.102608,0.041058,0.028500,0.186317,100,2.499097,51,1010,0,23,0.010095,0.059406
哥们儿,0.102234,0.035618,0.035870,0.172111,100,2.870266,10,147,0,6,0.010576,0.079208
直觉,0.102022,0.037854,0.034951,0.179810,100,2.695152,22,105,4,9,0.006235,0.118812
立马,0.100367,0.035315,0.028510,0.167008,100,2.842052,11,194,2,7,0.001656,0.049505
长发,0.099830,0.042200,0.020294,0.187585,100,2.365639,151,340,3,15,0.008594,0.049505
双腿,0.099059,0.033318,0.038336,0.167381,100,2.973131,61,224,5,5,0.004797,0.138614
主子,0.098550,0.037787,0.023617,0.161578,100,2.608038,69,312,0,10,0.000600,0.069307
手术,0.098456,0.039430,0.033502,0.176805,100,2.496960,35,164,0,6,0.004963,0.079208
神圣,0.096265,0.039495,0.015870,0.157321,100,2.437387,81,152,1,12,-0.004587,0.069307
八爷,0.095849,0.043051,0.027172,0.179083,100,2.226387,80,334,4,10,-0.002034,0.039604
婚礼,0.095493,0.037566,0.035168,0.171256,100,2.542040,42,350,1,8,-0.000065,0.049505
血液,0.095093,0.040325,0.014206,0.153840,100,2.358190,102,127,13,12,0.003693,0.089109
杨克,0.094884,0.038460,0.001484,0.172579,100,2.467109,5,556,0,9,0.001907,0.069307
血红,0.094281,0.040462,0.034213,0.186175,100,2.330088,61,117,4,7,-0.002344,0.108911
上帝,0.093998,0.037740,0.019638,0.164517,100,2.490654,91,322,0,10,-0.002552,0.039604
恶心,0.093091,0.034190,0.027683,0.161820,100,2.722736,59,193,2,12,-0.006369,0.049505
土司,0.092270,0.042128,0.017923,0.186782,100,2.190208,69,1661,0,15,0.003031,0.089109
人气,0.090586,0.040866,0.010965,0.167938,100,2.216671,34,71,0,5,0.005083,0.069307
荣耀,0.089514,0.035037,0.019120,0.145915,100,2.554819,18,91,1,5,0.002653,0.049505
军人,0.089379,0.041903,0.005847,0.170995,100,2.133029,259,384,3,9,-0.010278,0.079208
本能,0.089186,0.038265,0.028209,0.164570,100,2.330764,71,258,2,6,0.005918,0.108911
水泥,0.089122,0.037746,0.030696,0.164396,100,2.361111,14,256,0,5,0.002052,0.108911
军机,0.087970,0.037739,0.032839,0.173512,100,2.330984,6,383,0,7,0.003888,0.079208
想象,0.087833,0.038537,0.005980,0.157912,100,2.279181,199,604,6,20,0.005444,0.089109
额头,0.087582,0.034383,0.016279,0.155198,100,2.547242,121,370,5,8,0.002118,0.079208
动物,0.086446,0.038102,0.004410,0.162809,100,2.268805,35,260,2,6,0.001907,0.059406
身份,0.085223,0.038737,0.026708,0.157255,100,2.200044,228,592,1,12,-0.005744,0.108911
空白,0.085006,0.039728,0.009938,0.156201,100,2.139706,14,81,0,8,0.005256,0.099010
温馨,0.084989,0.038297,0.012321,0.155267,100,2.219215,6,71,0,7,0.006014,0.089109
商场,0.084489,0.039500,0.017917,0.154481,100,2.138962,13,454,0,8,0.000320,0.089109
借口,0.084386,0.041034,0.017497,0.168980,100,2.056479,93,198,0,5,0.002502,0.089109
时辰,0.083179,0.042840,0.003016,0.161187,100,1.941609,70,124,3,5,-0.003770,0.079208
老书,0.082775,0.040881,-0.003230,0.150080,100,2.024793,6,293,0,10,0.002589,0.099010
太重,0.082655,0.044048,-0.000067,0.173096,100,1.876474,43,96,1,6,0.003273,0.069307
上门,0.080787,0.042202,0.001855,0.150563,100,1.914306,95,327,0,11,0.004389,0.089109
人人,0.080114,0.036909,0.000331,0.138608,100,2.170568,262,424,7,16,-0.002895,0.069307
胡乱,0.079371,0.036354,0.020485,0.145000,100,2.183300,120,221,4,6,0.003883,0.138614
村民,0.079178,0.041856,0.000404,0.150455,100,1.891691,86,354,0,6,-0.004880,0.079208
孙中山,0.078818,0.038465,0.006676,0.144427,100,2.049120,33,405,0,7,-0.005291,0.118812
人类,0.078356,0.037323,0.009569,0.142823,100,2.099393,115,515,0,5,-0.004085,0.079208
温情,0.078197,0.039144,0.011423,0.141173,100,1.997685,21,57,2,8,0.002278,0.138614
语言,0.077605,0.041061,-0.001119,0.160920,100,1.889992,162,534,15,20,-0.005700,0.079208
现实,0.076755,0.037549,0.008686,0.142687,100,2.044148,115,525,3,5,0.000378,0.148515
专门,0.076466,0.039757,0.007012,0.151313,100,1.923352,423,671,2,6,-0.002497,0.099010
大将军,0.076108,0.037614,0.002301,0.161106,100,2.023394,5,268,1,5,0.003482,0.118812
市场,0.075655,0.040001,0.006340,0.148964,100,1.891320,144,619,0,6,0.004279,0.178218
答案,0.075347,0.040723,-0.001111,0.162981,100,1.850232,58,162,0,9,0.001411,0.138614
毛毛,0.075335,0.046463,-0.024884,0.150245,100,1.621409,47,158,0,5,-0.001662,0.118812
怨愤,0.074959,0.037567,-0.000599,0.138447,100,1.995334,6,13,0,5,0.005350,0.118812
目光,0.074943,0.040996,-0.020143,0.155331,100,1.828067,853,1973,28,43,-0.003903,0.168317
朝廷,0.074171,0.037019,0.003159,0.140735,100,2.003588,13,276,0,5,0.006011,0.059406
无端,0.073614,0.044427,-0.008481,0.161565,100,1.656983,9,71,1,7,0.009979,0.168317
恶气,0.073477,0.035549,0.002732,0.136499,100,2.066922,5,28,1,10,0.000647,0.128713
爷爷,0.073197,0.038359,0.008201,0.152395,100,1.908237,825,2169,17,45,0.001928,0.148515
银行,0.072948,0.036404,0.005079,0.145235,100,2.003843,156,379,0,6,0.004053,0.148515
底气,0.072904,0.031402,0.017802,0.133092,100,2.321625,5,47,0,8,0.001205,0.138614
麻将,0.071891,0.040649,-0.007016,0.138059,100,1.768607,27,88,0,7,0.009860,0.188119
走时,0.071140,0.041656,-0.005418,0.159249,100,1.707787,64,147,0,7,-0.008636,0.089109
喜鹊,0.071090,0.037166,0.002872,0.138116,100,1.912745,96,483,0,13,0.008528,0.128713
读者,0.071075,0.036026,0.004816,0.146407,100,1.972859,43,132,0,5,0.000665,0.138614
深藏,0.070655,0.037823,0.005020,0.139748,100,1.868054,15,30,9,9,0.000097,0.118812
声气,0.069357,0.038943,-0.011510,0.135972,100,1.780972,11,103,0,5,0.000306,0.128713
姑父,0.068709,0.037355,-0.000428,0.141825,100,1.839362,219,832,6,14,0.001345,0.138614
结局,0.068375,0.038893,-0.005903,0.134571,100,1.758005,49,171,0,7,0.003938,0.168317
状态,0.067858,0.037914,-0.007061,0.135437,100,1.789787,99,327,3,6,0.001510,0.108911
噩梦,0.067626,0.034830,0.006852,0.143110,100,1.941584,52,110,3,5,0.002076,0.128713
精神,0.067609,0.034992,0.011493,0.138187,100,1.932109,1337,1326,24,18,-0.003118,0.069307
菊花,0.067128,0.042810,-0.016638,0.158061,100,1.568047,34,676,0,16,0.005346,0.158416
柜台,0.067089,0.040302,-0.008118,0.159429,100,1.664649,100,282,1,5,-0.006416,0.089109
朱先生,0.067064,0.039205,-0.004222,0.157418,100,1.710594,18,654,0,7,-0.004133,0.178218
身体,0.066184,0.037264,0.006736,0.139748,100,1.776108,878,1699,9,21,-0.002288,0.128713
有数,0.066123,0.037073,-0.003045,0.132820,100,1.783606,43,85,22,28,0.000909,0.128713
对方,0.065974,0.041607,-0.016759,0.140622,100,1.585657,712,1276,25,42,0.004871,0.168317
布满,0.065930,0.039015,-0.007728,0.140732,100,1.689893,153,163,5,7,-0.003338,0.138614
可能性,0.065842,0.038349,-0.006826,0.130090,100,1.716927,35,111,0,5,0.000369,0.178218
草原,0.065495,0.035946,-0.006763,0.129607,100,1.822044,54,1718,0,15,-0.000924,0.118812
舅舅,0.064965,0.043605,-0.028667,0.141235,100,1.489847,282,416,3,5,0.003787,0.158416
热血,0.064803,0.037462,-0.007637,0.130675,100,1.729821,82,82,7,6,0.003826,0.138614
部分,0.064677,0.038549,0.000113,0.153833,100,1.677810,139,314,3,6,0.003443,0.168317
将军,0.064376,0.035536,-0.000622,0.126888,100,1.811560,270,364,5,6,-0.000974,0.138614
傻瓜,0.064241,0.037083,-0.000202,0.138799,100,1.732365,98,232,1,7,0.006090,0.168317
暖意,0.063962,0.035426,-0.005029,0.129113,100,1.805477,5,28,0,7,0.003880,0.188119
小孔,0.063875,0.035527,-0.005896,0.128569,100,1.797911,16,565,0,15,0.009349,0.198020
阴霾,0.063447,0.034732,-0.009422,0.125646,100,1.826779,7,36,0,6,0.008212,0.207921
人间,0.063035,0.037055,-0.010719,0.136447,100,1.701123,102,263,1,6,0.003020,0.118812
诗人,0.061462,0.040692,-0.027987,0.140572,100,1.510417,30,206,0,5,0.004883,0.207921
压根儿,0.061107,0.031235,0.005729,0.123773,100,1.956402,39,105,2,5,0.010900,0.217822
概念,0.060950,0.034289,0.000166,0.122237,100,1.777518,18,149,1,14,-0.000270,0.198020
心思,0.060587,0.037261,-0.010454,0.119822,100,1.625998,776,538,19,13,-0.000100,0.108911
狐狸,0.060581,0.040976,-0.019960,0.134982,100,1.478443,57,221,2,5,0.005335,0.128713
红色,0.059997,0.033677,-0.003030,0.119397,100,1.781557,274,489,1,8,0.000507,0.237624
伤感,0.059762,0.039407,-0.010181,0.138225,100,1.516531,38,143,7,15,0.001525,0.178218
男人,0.058986,0.037759,-0.009198,0.130058,100,1.562192,1108,3687,34,69,0.001259,0.158416
红马,0.057443,0.034606,-0.012827,0.126752,100,1.659906,12,267,0,7,0.000077,0.247525
冷笑,0.057209,0.036002,-0.008008,0.123796,100,1.589047,413,449,12,29,0.004920,0.158416
小林,0.057181,0.041583,-0.022372,0.140285,100,1.375085,155,636,0,24,0.000812,0.158416
烦透了,0.057156,0.030166,-0.004353,0.112453,100,1.894727,5,14,2,6,0.005961,0.212121
割肉,0.056833,0.040305,-0.008379,0.129108,100,1.410080,18,39,4,5,0.007888,0.217822
血管,0.056808,0.038924,-0.015846,0.150296,100,1.459457,55,100,5,7,0.003267,0.227723
梅花,0.056699,0.043101,-0.022115,0.131862,100,1.315480,38,121,1,6,0.001751,0.217822
宁宁,0.056160,0.041065,-0.029328,0.130189,100,1.367595,5,273,0,5,-0.003960,0.158416
样子,0.055862,0.039111,-0.011940,0.152004,100,1.428297,2549,2983,88,92,-0.008484,0.148515
消失,0.055759,0.036949,-0.006962,0.123579,100,1.509080,385,886,24,36,-0.001028,0.207921
姿态,0.055320,0.038707,-0.023112,0.121304,100,1.429213,181,216,4,7,0.000167,0.237624
妇人,0.055244,0.039198,-0.022857,0.119492,100,1.409363,42,497,0,10,-0.002093,0.158416
场面,0.054733,0.034143,-0.001399,0.120590,100,1.603048,169,275,11,17,-0.009290,0.148515
塞满,0.054459,0.038750,-0.017829,0.128292,100,1.405394,52,58,6,9,-0.003938,0.158416
电影,0.054283,0.038488,-0.022484,0.116627,100,1.410364,165,496,5,8,0.001567,0.207921
百姓,0.054218,0.041419,-0.018583,0.131118,100,1.308999,95,318,2,6,-0.003640,0.128713
脑子,0.054152,0.039732,-0.014354,0.129103,100,1.362907,327,441,9,11,-0.004565,0.207921
悬念,0.053643,0.033634,-0.000074,0.131449,100,1.594887,8,35,2,5,0.000948,0.198020
角色,0.053499,0.040082,-0.022834,0.125264,100,1.334718,161,234,1,5,-0.005452,0.217822
苍蝇,0.053171,0.042707,-0.014989,0.142743,100,1.244999,80,169,3,7,0.007415,0.237624
成分,0.052621,0.038373,-0.024261,0.125123,100,1.371289,65,160,1,6,-0.001758,0.227723
味道,0.052402,0.039377,-0.022030,0.116264,100,1.330795,246,552,15,28,-0.000230,0.267327
手臂,0.052174,0.040153,-0.019848,0.134579,100,1.299386,155,495,3,5,0.005526,0.297030
厂长,0.052132,0.035526,-0.012928,0.122995,100,1.467429,349,1627,12,32,0.000298,0.227723
罪过,0.051038,0.041312,-0.039223,0.118808,100,1.235422,89,109,1,6,0.001592,0.227723
小马,0.050830,0.037544,-0.022244,0.122961,100,1.353869,52,569,3,8,0.004242,0.178218
发毛,0.050046,0.037066,-0.019668,0.120505,100,1.350170,20,21,11,17,-0.003834,0.198020
会儿,0.049570,0.037575,-0.021737,0.124770,100,1.319227,130,457,2,11,-0.004289,0.237624
蚂蚁,0.049300,0.038499,-0.015213,0.116627,100,1.280533,61,178,1,6,-0.002670,0.247525
气息,0.049063,0.036063,-0.038864,0.111130,100,1.360470,111,319,3,10,0.003698,0.207921
小时,0.048716,0.037287,-0.024206,0.115023,100,1.306516,301,801,5,13,-0.004330,0.207921
大学,0.048436,0.038896,-0.034681,0.116121,100,1.245277,312,627,2,7,-0.000099,0.188119
时间,0.048194,0.035571,-0.018508,0.118215,100,1.354842,2076,3243,36,39,0.000750,0.207921
李大钊,0.048094,0.037756,-0.019873,0.111072,100,1.273827,7,360,0,5,-0.003973,0.227723
程度,0.048037,0.038550,-0.027597,0.119622,100,1.246106,208,368,6,10,-0.003723,0.168317
公司,0.047897,0.036426,-0.028073,0.117206,100,1.314922,306,1491,1,15,0.001040,0.227723
市长,0.047658,0.042860,-0.039405,0.125422,100,1.111958,51,1063,2,10,-0.002661,0.217822
时分,0.046907,0.041236,-0.038265,0.131832,100,1.137544,155,326,0,5,-0.001734,0.198020
饭店,0.046764,0.043285,-0.038945,0.123551,100,1.080373,42,487,0,8,0.008745,0.257426
车窗,0.046138,0.039249,-0.024761,0.122350,100,1.175527,47,144,2,6,-0.004829,0.217822
王爷,0.045860,0.035892,-0.019623,0.112288,100,1.277724,58,306,0,5,-0.004719,0.138614
形象,0.045834,0.041579,-0.045002,0.124357,100,1.102336,135,417,20,36,-0.006944,0.207921
地步,0.045210,0.040131,-0.034812,0.118570,100,1.126560,160,295,2,5,-0.003297,0.257426
大人,0.044921,0.042902,-0.038297,0.122088,100,1.047055,376,898,12,12,-0.004285,0.198020
记忆,0.044452,0.040369,-0.027352,0.106803,100,1.101158,101,426,9,9,-0.006074,0.217822
镜子,0.044330,0.036228,-0.015502,0.112860,100,1.223630,196,545,2,11,0.002945,0.247525
流泪,0.044301,0.038535,-0.026128,0.121117,100,1.149640,102,185,7,9,-0.001761,0.237624
人生,0.044202,0.036092,-0.028497,0.100987,100,1.224699,210,568,2,12,0.003608,0.247525
预感,0.043820,0.043293,-0.036706,0.139118,100,1.012181,104,179,9,19,0.005662,0.247525
怨气,0.043303,0.034535,-0.019361,0.109387,100,1.253864,59,80,14,22,0.008526,0.306931
起码,0.043263,0.036735,-0.012177,0.118761,100,1.177716,241,474,3,11,-0.004239,0.227723
压力,0.042600,0.036224,-0.021060,0.106248,100,1.176020,133,330,6,27,0.001697,0.306931
新鲜,0.042154,0.035007,-0.022229,0.107166,100,1.204179,294,396,17,9,-0.005109,0.207921
怪物,0.042065,0.042608,-0.037024,0.138196,100,0.987244,37,74,0,5,0.002761,0.277228
模样,0.042018,0.038276,-0.042441,0.104597,100,1.097776,296,689,7,31,-0.006400,0.188119
颜色,0.041918,0.041010,-0.035537,0.120963,100,1.022151,348,625,6,9,-0.005960,0.178218
牙齿,0.041655,0.036985,-0.024686,0.111359,100,1.126288,215,344,9,8,-0.003024,0.267327
眼神,0.041557,0.040558,-0.039037,0.118127,100,1.024639,209,335,6,12,-0.001549,0.277228
目的,0.041440,0.040269,-0.043885,0.108693,100,1.029079,486,528,3,7,0.002765,0.277228
老子,0.041314,0.035997,-0.037665,0.100277,100,1.147711,424,707,4,9,0.002053,0.247525
眉间,0.041296,0.036209,-0.026695,0.114515,100,1.140486,9,54,0,5,0.006303,0.267327
味儿,0.041288,0.034859,-0.015121,0.098868,100,1.184423,151,271,4,7,-0.003042,0.257426
小贩,0.041264,0.037298,-0.033272,0.118360,100,1.106344,83,126,1,8,-0.006652,0.247525
企业,0.041071,0.036497,-0.025090,0.110965,100,1.125324,246,645,3,8,0.000364,0.297030
白发,0.040724,0.036493,-0.031083,0.102070,100,1.115935,75,108,0,6,-0.008534,0.207921
阿爸,0.039483,0.039687,-0.036680,0.121306,100,0.994867,116,218,0,7,0.004185,0.267327
麻木,0.039249,0.038785,-0.047192,0.108357,100,1.011961,129,159,2,12,0.003661,0.277228
恶毒,0.039105,0.038871,-0.030686,0.109357,100,1.006029,54,69,3,5,0.000784,0.277228
阴影,0.038903,0.041566,-0.062654,0.109749,100,0.935948,100,186,9,21,-0.002048,0.277228
数字,0.038709,0.037900,-0.040386,0.108195,100,1.021343,190,317,11,9,0.002636,0.257426
窝囊,0.038591,0.037990,-0.021541,0.113451,100,1.015808,60,86,2,5,0.006017,0.336634
天生,0.038591,0.036587,-0.026054,0.116391,100,1.054769,83,373,2,6,0.001399,0.297030
泪光,0.038569,0.036032,-0.025170,0.106225,100,1.070425,13,44,0,15,0.003524,0.316832
扫地,0.038505,0.037409,-0.043036,0.107706,100,1.029297,65,63,0,5,-0.003504,0.237624
饥饿,0.038095,0.043066,-0.051537,0.116666,100,0.884573,153,163,7,5,-0.009785,0.227723
祝福,0.037582,0.041634,-0.026607,0.122347,100,0.902695,32,62,1,7,-0.007925,0.227723
老爷,0.037082,0.039577,-0.041963,0.102388,100,0.936970,254,252,4,5,-0.005808,0.267327
手脚,0.036684,0.043047,-0.027368,0.137808,100,0.852201,213,253,8,7,0.005338,0.287129
美丽,0.036528,0.034806,-0.020499,0.103542,100,1.049497,387,829,9,20,0.000790,0.297030
师傅,0.036412,0.039609,-0.042644,0.105143,100,0.919286,172,728,1,25,-0.004947,0.237624
年龄,0.036394,0.036688,-0.031083,0.113188,100,0.991994,149,514,3,9,-0.006731,0.247525
基本,0.036281,0.039415,-0.038353,0.108842,100,0.920490,157,440,5,8,0.009539,0.346535
医生,0.035928,0.038169,-0.038051,0.124448,100,0.941268,554,977,4,21,0.005086,0.287129
任凭,0.035402,0.036633,-0.028656,0.105158,100,0.966397,79,124,1,5,0.008465,0.356436
寒意,0.035244,0.040381,-0.033446,0.108975,100,0.872792,10,31,0,5,0.006089,0.306931
意思,0.035029,0.039843,-0.039376,0.103634,100,0.879185,1763,2165,29,38,-0.006465,0.267327
心灵,0.034478,0.039641,-0.048602,0.103964,100,0.869762,161,390,5,7,-0.000236,0.306931
黑色,0.034447,0.038437,-0.045948,0.104209,100,0.896179,224,632,4,9,0.000023,0.316832
空空,0.034426,0.038426,-0.030310,0.105069,100,0.895893,62,88,1,11,0.001170,0.306931
有所,0.034407,0.042514,-0.056705,0.103841,100,0.809304,133,262,4,5,-0.002179,0.306931
中国,0.034257,0.039881,-0.035891,0.098901,100,0.858988,1849,2232,28,9,0.000178,0.336634
胸腔,0.034082,0.037512,-0.037941,0.103722,100,0.908560,23,63,4,8,0.006000,0.386139
头发,0.034061,0.037831,-0.032775,0.104858,100,0.900338,971,1388,14,18,0.008420,0.316832
道德,0.033493,0.036379,-0.026073,0.108609,100,0.920660,32,110,0,5,-0.001617,0.306931
人员,0.033373,0.038575,-0.043304,0.107477,100,0.865157,372,326,2,5,0.000012,0.316832
鸽子,0.033256,0.038829,-0.028282,0.105027,100,0.856484,119,288,1,5,0.000608,0.326733
空虚,0.033134,0.042114,-0.037232,0.101334,100,0.786784,122,81,20,11,0.005903,0.366337
耶稣,0.032868,0.037783,-0.039165,0.103418,100,0.869920,44,48,0,6,0.001711,0.267327
意志,0.032401,0.037684,-0.036486,0.106518,100,0.859814,177,250,2,5,-0.001915,0.297030
梁大,0.032277,0.033361,-0.021694,0.101742,100,0.967525,129,232,10,6,0.000554,0.306931
校长,0.032108,0.038829,-0.026878,0.096844,100,0.826901,286,2069,2,37,-0.003363,0.267327
明镜,0.030512,0.036883,-0.047181,0.101661,100,0.827254,15,22,9,10,0.009156,0.396040
傻子,0.030434,0.037947,-0.046939,0.100420,100,0.802000,83,334,5,7,-0.001131,0.356436
天空,0.030175,0.041490,-0.044866,0.097827,100,0.727280,886,760,10,13,-0.001822,0.346535
作响,0.030061,0.036550,-0.043659,0.106660,100,0.822466,71,170,1,5,0.006973,0.336634
做人,0.030032,0.041958,-0.053325,0.103472,100,0.715754,58,337,1,11,-0.002207,0.297030
流向,0.030001,0.032884,-0.033866,0.091719,100,0.912338,18,47,0,6,0.001176,0.376238
格登,0.029979,0.037598,-0.033302,0.094550,100,0.797373,10,10,0,6,0.000777,0.340426
周身,0.029878,0.042407,-0.045280,0.111488,100,0.704553,72,74,7,5,0.006213,0.396040
弄堂,0.029818,0.043800,-0.045027,0.128321,100,0.680778,179,298,5,6,-0.000409,0.297030
秘书,0.029615,0.036260,-0.041100,0.101819,100,0.816719,118,580,0,6,-0.000943,0.346535
情愿,0.029386,0.037931,-0.049856,0.098789,100,0.774722,173,224,5,15,-0.002890,0.287129
东西,0.029136,0.038543,-0.058946,0.099397,100,0.755929,4509,5282,111,120,-0.002694,0.287129
女子,0.028911,0.047213,-0.075957,0.108904,100,0.612350,213,772,3,12,-0.010780,0.247525
设想,0.028818,0.039730,-0.038024,0.103106,100,0.725354,81,207,5,11,0.006367,0.405941
令人,0.028817,0.037105,-0.033772,0.101438,100,0.776647,208,576,6,14,-0.002134,0.316832
猴子,0.028599,0.039295,-0.054343,0.103472,100,0.727800,74,315,0,5,-0.004521,0.287129
妹妹,0.028487,0.040045,-0.051152,0.091270,100,0.711392,406,1297,7,30,-0.003038,0.267327
幻想,0.027972,0.039220,-0.048143,0.108745,100,0.713209,229,231,10,7,0.007065,0.405941
波澜,0.027354,0.032095,-0.038700,0.091481,100,0.852297,8,29,4,9,0.006648,0.366337
师娘,0.027275,0.038931,-0.045835,0.104962,100,0.700594,9,129,0,6,0.005622,0.366337
老师,0.027256,0.042703,-0.052138,0.110045,100,0.638276,860,2515,11,49,-0.000168,0.326733
双方,0.027247,0.037889,-0.035063,0.104552,100,0.719139,231,425,2,6,0.000233,0.356436
精力,0.026738,0.045354,-0.066576,0.104641,100,0.589538,157,204,2,5,0.000701,0.306931
安静,0.026652,0.038539,-0.047527,0.112303,100,0.691547,357,359,15,7,0.004249,0.346535
父母,0.026479,0.039639,-0.060411,0.094240,100,0.668008,299,1096,3,27,0.004015,0.356436
爱情,0.026234,0.035668,-0.038625,0.094064,100,0.735523,276,857,8,35,0.002209,0.366337
地面,0.026148,0.037718,-0.038267,0.107367,100,0.693256,256,352,1,5,-0.003506,0.316832
阳光,0.025842,0.039844,-0.054067,0.102179,100,0.648573,530,958,7,22,0.002284,0.455446
全都,0.025837,0.039982,-0.044916,0.107459,100,0.646211,1035,1156,35,30,-0.012788,0.287129
衣服,0.025781,0.043102,-0.053459,0.104344,100,0.598142,1586,2003,15,16,-0.000341,0.346535
日里,0.025773,0.036271,-0.042711,0.096394,100,0.710572,56,218,1,8,0.001891,0.316832
身影,0.025577,0.040092,-0.060150,0.094075,100,0.637968,211,296,11,15,-0.003409,0.287129
地想,0.025196,0.036231,-0.044919,0.080294,100,0.695425,366,316,65,44,0.004639,0.386139
时代,0.025114,0.035626,-0.035824,0.084045,100,0.704933,355,512,3,6,-0.004435,0.316832
意识,0.025083,0.035980,-0.046582,0.088588,100,0.697138,301,758,11,15,-0.000723,0.346535
无法,0.025080,0.038935,-0.051232,0.098598,100,0.644137,408,1575,19,64,-0.000005,0.356436
墨黑,0.024843,0.037509,-0.043021,0.097621,100,0.662328,32,56,1,5,0.002815,0.415842
资金,0.024764,0.042034,-0.056978,0.109325,100,0.589145,100,313,1,8,0.009121,0.405941
气力,0.024666,0.041747,-0.060511,0.104214,100,0.590842,63,70,0,5,0.003075,0.326733
文化,0.024548,0.045000,-0.060522,0.106218,100,0.545508,416,662,5,5,-0.000121,0.376238
房间,0.024353,0.034737,-0.041307,0.088638,100,0.701058,499,1480,7,13,-0.006034,0.277228
病人,0.023887,0.041592,-0.067229,0.099466,100,0.574317,288,331,3,13,0.000275,0.316832
骂人,0.023679,0.036816,-0.037448,0.107183,100,0.643180,137,184,2,8,-0.004103,0.306931
平息,0.023562,0.037328,-0.059797,0.091671,100,0.631230,61,124,1,14,0.001487,0.356436
阿公,0.023490,0.038894,-0.049145,0.103538,100,0.603955,17,51,1,5,-0.004181,0.326733
飞速,0.023434,0.038723,-0.038988,0.099221,100,0.605153,25,54,1,5,0.002625,0.316832
罗汉,0.023377,0.038435,-0.053296,0.089749,100,0.608221,88,313,2,5,-0.005850,0.336634
结果,0.023346,0.039179,-0.053070,0.102360,100,0.595893,1036,1427,17,19,0.000983,0.346535
时时,0.023168,0.038313,-0.068035,0.092006,100,0.604692,105,147,3,9,0.003408,0.366337
娘舅,0.022726,0.040373,-0.052709,0.088467,100,0.562911,5,148,0,5,-0.001267,0.336634
证明,0.022674,0.038474,-0.050801,0.097783,100,0.589349,440,595,6,10,0.014096,0.465347
祖母,0.022371,0.035507,-0.057036,0.076065,100,0.630053,5,254,0,9,-0.000844,0.356436
肚子,0.021822,0.038422,-0.047986,0.092901,100,0.567963,937,743,21,19,0.004338,0.405941
形式,0.021209,0.037099,-0.058275,0.088002,100,0.571687,111,240,3,5,-0.003585,0.366337
身子,0.021204,0.037599,-0.041553,0.094618,100,0.563954,1911,1696,43,34,-0.001376,0.376238
念头,0.021122,0.036344,-0.029877,0.094079,100,0.581173,350,456,103,108,-0.002381,0.386139
烟雾,0.020936,0.038238,-0.044232,0.095265,100,0.547515,224,206,0,8,0.001428,0.425743
障碍,0.020899,0.038164,-0.046307,0.095530,100,0.547627,56,98,0,6,0.008209,0.396040
夫人,0.020766,0.041353,-0.057406,0.089669,100,0.502152,68,496,0,9,-0.002400,0.386139
世界,0.020044,0.040418,-0.052663,0.095806,100,0.495909,843,2190,11,33,-0.006081,0.356436
心事,0.019947,0.034048,-0.042086,0.082664,100,0.585844,446,250,22,7,0.005693,0.356436
意说,0.019737,0.037513,-0.052126,0.097681,100,0.526127,87,49,3,5,-0.002164,0.346535
老婆,0.019273,0.037251,-0.047779,0.081483,100,0.517381,1224,1866,21,40,-0.000875,0.336634
女人,0.019069,0.042710,-0.064774,0.096060,100,0.446476,2171,6490,44,117,0.000214,0.346535
红太阳,0.019001,0.035026,-0.048990,0.083403,100,0.542485,6,15,0,7,-0.002109,0.366337
毛病,0.018689,0.037491,-0.048534,0.082232,100,0.498479,352,381,4,11,0.001378,0.435644
光明,0.018472,0.039498,-0.064756,0.085595,100,0.467674,175,168,2,7,-0.006343,0.326733
铭记,0.018306,0.039289,-0.057605,0.096497,100,0.465940,7,14,2,6,-0.000700,0.386139
小心,0.018111,0.041977,-0.061297,0.093453,100,0.431453,895,659,9,9,0.003388,0.405941
产生,0.017811,0.040278,-0.057030,0.094427,100,0.442208,467,759,62,78,-0.006780,0.346535
青春,0.017742,0.039508,-0.046592,0.082273,100,0.449081,151,245,9,7,0.006634,0.445545
小东西,0.017476,0.038551,-0.074639,0.079446,100,0.453322,43,242,2,9,0.001767,0.405941
难言,0.017289,0.037868,-0.051168,0.079878,100,0.456557,22,36,9,9,0.004737,0.435644
张嘴,0.016801,0.037896,-0.056476,0.090697,100,0.443346,275,272,5,6,-0.004389,0.405941
总算,0.016645,0.036539,-0.048830,0.091220,100,0.455522,364,508,8,21,-0.002041,0.396040
技术,0.016375,0.039057,-0.050349,0.094117,100,0.419267,335,628,1,11,0.003457,0.445545
过分,0.016372,0.039919,-0.056125,0.097752,100,0.410113,198,237,8,6,-0.001376,0.366337
梦境,0.016192,0.041407,-0.054376,0.091704,100,0.391052,51,121,2,5,0.006351,0.425743
句子,0.016096,0.039482,-0.064274,0.096219,100,0.407682,15,78,1,6,-0.009081,0.287129
信仰,0.015992,0.039958,-0.051354,0.091686,100,0.400213,54,140,1,5,0.004137,0.475248
小学,0.015839,0.037791,-0.049124,0.083314,100,0.419130,256,782,1,9,-0.000149,0.386139
脸颊,0.015712,0.042315,-0.062471,0.083044,100,0.371318,109,224,4,7,0.001270,0.405941
月光,0.015379,0.037640,-0.049808,0.090980,100,0.408585,336,436,5,8,-0.001120,0.405941
照片,0.014401,0.040288,-0.061142,0.083158,100,0.357452,227,673,5,5,0.000168,0.366337
资料,0.014316,0.039027,-0.060228,0.084860,100,0.366816,54,314,2,5,0.005116,0.475248
家人,0.014255,0.041004,-0.061655,0.097077,100,0.347641,70,539,0,8,-0.018138,0.326733
北京,0.014132,0.039665,-0.055692,0.079303,100,0.356296,517,1453,4,13,-0.006296,0.356436
弟弟,0.014039,0.045668,-0.057384,0.112387,100,0.307409,428,1280,11,38,-0.003085,0.356436
角落,0.013974,0.042173,-0.059681,0.086776,100,0.331360,159,185,3,5,-0.003418,0.386139
潜藏,0.013890,0.039962,-0.068806,0.095985,100,0.347585,12,14,2,5,0.005187,0.475248
冷汗,0.013595,0.037541,-0.057976,0.089085,100,0.362145,133,174,7,11,0.001933,0.415842
辛酸,0.013381,0.040156,-0.058949,0.086140,100,0.333225,57,63,11,10,0.007921,0.534653
婴儿,0.013316,0.039604,-0.060370,0.095668,100,0.336222,71,221,2,6,0.004330,0.435644
细节,0.013235,0.035884,-0.056587,0.072097,100,0.368809,64,219,1,6,0.000136,0.405941
大事,0.013157,0.037211,-0.059138,0.072755,100,0.353570,533,531,15,13,0.000207,0.495050
外婆,0.013009,0.040773,-0.063760,0.085760,100,0.319057,8,207,0,5,-0.003682,0.386139
落地,0.012793,0.039370,-0.056608,0.082479,100,0.324949,141,170,8,8,-0.007492,0.356436
全部,0.012009,0.043394,-0.061605,0.108070,100,0.276748,1123,1410,15,40,-0.001189,0.396040
不免有些,0.011374,0.043252,-0.084861,0.086473,100,0.262962,18,25,6,9,-0.004954,0.366337
大学生,0.011332,0.039364,-0.072254,0.082352,100,0.287886,104,349,2,5,-0.003316,0.415842
地道,0.011049,0.043380,-0.062126,0.095648,100,0.254705,298,758,5,12,0.010599,0.504950
国家,0.010722,0.032205,-0.047376,0.068930,100,0.332913,1028,1303,13,9,-0.001627,0.445545
记下,0.010410,0.039096,-0.067041,0.083893,100,0.266272,44,73,0,5,-0.001104,0.475248
梦想,0.010376,0.040010,-0.060297,0.082734,100,0.259324,91,172,6,5,0.004348,0.514851
无力,0.010176,0.037067,-0.060614,0.076952,100,0.274528,181,240,8,8,0.007707,0.485149
读书,0.010139,0.038358,-0.064693,0.085936,100,0.264335,230,495,1,8,-0.003031,0.445545
言语,0.009618,0.036470,-0.068460,0.084569,100,0.263729,307,265,18,11,-0.002547,0.425743
宁静,0.009472,0.041931,-0.074839,0.086015,100,0.225888,138,149,11,5,0.002777,0.465347
司机,0.009406,0.038025,-0.059524,0.075383,100,0.247373,241,577,2,11,-0.007066,0.366337
河南,0.009204,0.036594,-0.052955,0.079786,100,0.251506,113,337,0,6,0.003823,0.435644
陌生,0.008581,0.040430,-0.072119,0.075465,100,0.212249,157,479,4,18,-0.007704,0.405941
大山,0.007758,0.035955,-0.058499,0.072820,100,0.215781,124,363,0,16,0.009783,0.554455
土匪,0.007344,0.036845,-0.061895,0.071320,100,0.199313,327,434,4,5,0.008560,0.524752
客人,0.007330,0.039422,-0.064092,0.082994,100,0.185941,676,812,14,11,-0.010314,0.415842
喉咙,0.007115,0.039375,-0.056671,0.082007,100,0.180707,245,391,9,15,-0.001284,0.435644
原因,0.006899,0.037018,-0.065550,0.071106,100,0.186359,550,838,16,24,0.002209,0.475248
炮兵,0.006833,0.036991,-0.058063,0.072966,100,0.184709,62,107,0,5,0.005732,0.514851
权威,0.006347,0.037162,-0.064674,0.067581,100,0.170780,31,144,0,5,-0.005803,0.435644
呼唤,0.006334,0.036452,-0.067429,0.074201,100,0.173756,102,216,4,12,-0.006504,0.386139
父亲,0.006164,0.039060,-0.070524,0.077489,100,0.157799,1362,5937,26,100,0.001970,0.534653
表姐,0.005912,0.042706,-0.066370,0.078533,100,0.138435,174,277,0,9,0.009033,0.554455
老天爷,0.005521,0.038659,-0.052592,0.089465,100,0.142823,138,114,2,5,-0.000311,0.455446
性格,0.005447,0.037565,-0.059096,0.087791,100,0.145013,223,433,9,8,0.000091,0.445545
小姐,0.005425,0.045267,-0.079723,0.096761,100,0.119847,544,803,3,6,0.000136,0.495050
问问,0.005186,0.034801,-0.063977,0.071561,100,0.149032,458,428,9,6,0.002790,0.485149
小姑娘,0.005142,0.038798,-0.066137,0.082849,100,0.132536,233,358,4,9,-0.002706,0.435644
胸膛,0.005116,0.037953,-0.061781,0.070299,100,0.134794,409,205,10,11,0.001599,0.524752
委员长,0.005073,0.036536,-0.058327,0.079584,100,0.138855,74,137,0,7,0.004046,0.504950
情感,0.005051,0.036678,-0.059233,0.078452,100,0.137718,190,318,36,30,-0.000440,0.455446
沙发,0.004613,0.035219,-0.060969,0.076233,100,0.130969,433,659,11,8,0.002916,0.475248
能力,0.004343,0.039780,-0.069456,0.073991,100,0.109187,301,523,3,8,0.002705,0.514851
样儿,0.004331,0.040589,-0.067818,0.084474,100,0.106696,212,223,4,7,-0.004442,0.435644
妻子,0.004209,0.038039,-0.073339,0.086517,100,0.110654,418,1791,10,48,-0.002769,0.485149
岳父,0.004152,0.036425,-0.065036,0.068592,100,0.113976,15,266,0,18,-0.005418,0.415842
街道,0.003946,0.039290,-0.067973,0.072467,100,0.100427,307,461,3,9,-0.004922,0.465347
脚步,0.003869,0.033840,-0.063548,0.068508,100,0.114324,768,497,24,12,-0.002914,0.465347
嫂子,0.003614,0.039783,-0.071155,0.089332,100,0.090830,409,623,3,12,0.005631,0.524752
小女孩,0.003566,0.033591,-0.061410,0.068138,100,0.106170,53,133,1,5,-0.004384,0.465347
床上,0.003541,0.036054,-0.061590,0.062726,100,0.098212,820,1633,12,27,0.002668,0.475248
记者,0.003512,0.040386,-0.072499,0.072446,100,0.086961,237,324,0,6,0.001267,0.485149
麻雀,0.002961,0.039286,-0.082086,0.069797,100,0.075377,118,151,4,6,0.001079,0.495050
汽车,0.002925,0.039628,-0.077979,0.068084,100,0.073805,948,799,5,9,-0.003109,0.475248
开口,0.002885,0.035653,-0.072184,0.074608,100,0.080926,974,836,23,12,-0.010591,0.376238
体会,0.002821,0.042416,-0.074546,0.070947,100,0.066510,196,241,7,9,-0.003643,0.504950
积蓄,0.002797,0.035135,-0.055666,0.071158,100,0.079598,39,91,0,6,0.001468,0.524752
小毛,0.002772,0.039839,-0.056907,0.077130,100,0.069576,409,1232,1,25,-0.009960,0.415842
医院,0.002658,0.038500,-0.071079,0.070124,100,0.069031,444,1312,5,16,0.003631,0.534653
大喜,0.002629,0.040139,-0.065431,0.085245,100,0.065499,39,183,3,5,-0.005252,0.435644
命运,0.002208,0.043668,-0.078431,0.083286,100,0.050568,311,750,8,7,0.007427,0.554455
学生,0.001946,0.038389,-0.060531,0.074418,100,0.050693,1452,1480,13,18,0.001110,0.485149
杠子,0.001856,0.043096,-0.081017,0.075468,100,0.043078,66,80,1,5,-0.002612,0.465347
脑后,0.001813,0.038548,-0.079881,0.063229,100,0.047038,73,106,3,7,0.011398,0.564356
老板,0.001566,0.038036,-0.069871,0.071238,100,0.041166,352,987,3,14,-0.002851,0.445545
人物,0.001157,0.043768,-0.074907,0.085917,100,0.026441,578,570,10,20,0.002887,0.504950
男女,0.000993,0.040003,-0.070355,0.075782,100,0.024827,293,496,2,6,0.002312,0.485149
疼痛,0.000799,0.035303,-0.061008,0.057931,100,0.022622,255,211,29,29,0.004631,0.504950
男子,0.000653,0.042795,-0.077218,0.073199,100,0.015258,194,200,2,5,0.001420,0.504950
秋风,0.000587,0.040225,-0.074573,0.072434,100,0.014604,49,100,0,5,0.007109,0.574257
舌头,0.000384,0.038832,-0.066458,0.068156,100,0.009878,300,432,7,7,-0.004096,0.475248
不平,0.000136,0.040381,-0.076940,0.075634,100,0.003369,119,56,16,9,0.004189,0.485149
天亮,-0.000148,0.034594,-0.062182,0.074027,100,-0.004291,267,232,4,6,-0.000776,0.564356
节奏,-0.000659,0.036173,-0.069047,0.062271,100,-0.018231,99,208,0,7,0.004269,0.504950
钥匙,-0.000905,0.035160,-0.066051,0.059562,100,-0.025743,181,401,4,10,0.002454,0.564356
谋划,-0.001107,0.041042,-0.080013,0.069947,100,-0.026972,22,44,2,6,0.004664,0.554455
大爷,-0.001207,0.041075,-0.073396,0.084270,100,-0.029395,880,510,25,6,-0.005911,0.435644
上海,-0.001238,0.035589,-0.063966,0.070337,100,-0.034786,1286,2037,15,23,0.001783,0.534653
火焰,-0.001808,0.034238,-0.078877,0.060396,100,-0.052821,215,225,26,12,0.007990,0.623762
守义,-0.002020,0.033883,-0.063001,0.062541,100,-0.059629,145,631,3,14,-0.002856,0.524752
背影,-0.002155,0.033258,-0.067517,0.056220,100,-0.064788,302,305,24,20,-0.007645,0.514851
沙子,-0.002514,0.039044,-0.075204,0.078100,100,-0.064400,213,96,9,8,-0.000421,0.495050
回家,-0.002890,0.042527,-0.074644,0.097624,100,-0.067961,1969,2361,23,36,-0.005107,0.524752
姑娘,-0.003009,0.040273,-0.072696,0.074181,100,-0.074726,1819,3401,47,109,-0.005161,0.495050
小说,-0.003274,0.039070,-0.082397,0.060185,100,-0.083785,167,388,0,7,0.006595,0.554455
女孩子,-0.003703,0.039778,-0.075654,0.079104,100,-0.093092,380,464,6,10,0.000666,0.564356
小乔,-0.003823,0.039649,-0.079491,0.062792,100,-0.096415,10,190,0,5,0.002103,0.564356
众人,-0.003920,0.041798,-0.082572,0.064979,100,-0.093781,623,987,18,26,-0.013553,0.455446
走路,-0.004380,0.040765,-0.072952,0.074579,100,-0.107448,398,460,8,8,0.001748,0.534653
信赖,-0.004782,0.035116,-0.068396,0.052488,100,-0.136169,54,90,2,7,0.000122,0.564356
怒气,-0.004929,0.034907,-0.074421,0.049916,100,-0.141211,161,93,24,24,0.007232,0.564356
女儿,-0.005281,0.034876,-0.074175,0.059824,100,-0.151417,1075,2684,24,106,0.001619,0.504950
普通,-0.005350,0.041155,-0.092998,0.072756,100,-0.129999,218,300,5,9,0.000233,0.534653
印象,-0.005560,0.038020,-0.082288,0.060826,100,-0.146235,332,555,18,25,-0.006053,0.495050
文字,-0.005800,0.034911,-0.072481,0.062572,100,-0.166127,67,185,0,5,-0.006275,0.465347
教师,-0.005946,0.037712,-0.069767,0.072022,100,-0.157665,130,265,1,5,-0.007488,0.534653
理想,-0.005986,0.038271,-0.085134,0.065696,100,-0.156414,310,364,12,10,0.000936,0.554455
母亲,-0.006150,0.040319,-0.073179,0.077477,100,-0.152543,2704,3591,108,68,-0.004302,0.504950
浑身,-0.006276,0.037434,-0.080889,0.056749,100,-0.167650,1091,872,59,32,0.001683,0.544554
贺家,-0.006420,0.037250,-0.073545,0.069267,100,-0.172345,5,176,0,5,-0.001008,0.554455
历史,-0.006526,0.041663,-0.094775,0.071084,100,-0.156646,407,1077,6,13,-0.002419,0.534653
有鬼,-0.006700,0.038243,-0.071042,0.067167,100,-0.175205,74,39,11,18,-0.002696,0.603960
谢谢,-0.006938,0.038309,-0.081718,0.053748,100,-0.181112,285,450,2,5,-0.002372,0.594059
光芒,-0.006981,0.043870,-0.080261,0.076810,100,-0.159137,332,211,39,16,-0.004123,0.524752
家庭,-0.007471,0.041729,-0.079645,0.075136,100,-0.179042,414,808,8,12,-0.003562,0.544554
儿媳,-0.007853,0.037176,-0.078974,0.073679,100,-0.211249,67,215,2,11,-0.003189,0.514851
裤子,-0.008289,0.038098,-0.079423,0.065253,100,-0.217567,322,503,5,5,0.008371,0.603960
头绪,-0.008297,0.035438,-0.074484,0.063658,100,-0.234123,65,45,6,7,0.002564,0.584158
地位,-0.008749,0.039387,-0.071792,0.069114,100,-0.222119,396,375,8,9,-0.001647,0.544554
面子,-0.008911,0.039158,-0.071113,0.065601,100,-0.227555,304,461,6,11,-0.005725,0.485149
理论,-0.009465,0.039962,-0.083471,0.061208,100,-0.236863,216,314,5,9,-0.002021,0.544554
温存,-0.009550,0.036892,-0.087473,0.063215,100,-0.258858,61,64,2,5,0.003742,0.603960
明白,-0.009613,0.046937,-0.094569,0.082404,100,-0.204805,2500,3637,190,280,-0.013116,0.455446
脖子,-0.009693,0.049877,-0.107874,0.079711,100,-0.194348,1131,1131,19,15,0.000291,0.603960
气氛,-0.009790,0.038739,-0.092918,0.061283,100,-0.252712,362,539,6,8,-0.002166,0.514851
太太,-0.010091,0.040083,-0.083273,0.067186,100,-0.251752,835,598,21,16,0.000235,0.594059
真话,-0.010102,0.042528,-0.095046,0.076334,100,-0.237525,75,132,2,5,0.004583,0.633663
孩子们,-0.010115,0.039125,-0.071219,0.078622,100,-0.258527,765,623,21,12,-0.005166,0.554455
天气,-0.010265,0.039144,-0.095851,0.060466,100,-0.262232,408,374,13,5,0.001950,0.603960
地方,-0.010329,0.038082,-0.091399,0.058182,100,-0.271228,4935,5259,62,60,-0.002067,0.603960
滋味,-0.010381,0.037014,-0.084761,0.059105,100,-0.280460,208,271,60,74,0.000762,0.594059
社会,-0.010560,0.040755,-0.085442,0.068079,100,-0.259102,825,1076,7,6,0.001358,0.574257
原谅,-0.011312,0.038545,-0.077440,0.074832,100,-0.293475,206,264,3,8,-0.003146,0.613861
误会,-0.011356,0.033501,-0.072645,0.050840,100,-0.338989,220,158,3,5,0.005243,0.643564
商量,-0.011575,0.035073,-0.079626,0.054107,100,-0.330030,1860,879,13,5,-0.009520,0.514851
太阳,-0.011641,0.039757,-0.080786,0.068322,100,-0.292797,1062,1284,15,14,-0.006720,0.574257
力气,-0.011688,0.034546,-0.074795,0.057958,100,-0.338338,616,546,10,9,0.003521,0.613861
对面,-0.011736,0.045863,-0.093707,0.074427,100,-0.255886,843,649,11,5,-0.009184,0.554455
自行车,-0.011884,0.036868,-0.077980,0.060947,100,-0.322340,264,581,1,8,0.002990,0.623762
时令,-0.011957,0.033466,-0.082736,0.045147,100,-0.357298,8,430,0,6,0.005154,0.653465
美国,-0.012119,0.038214,-0.086343,0.054443,100,-0.317141,561,760,8,10,0.006756,0.603960
大门,-0.012164,0.040884,-0.101322,0.064178,100,-0.297529,1334,831,6,12,-0.011010,0.554455
问号,-0.012234,0.036752,-0.085557,0.051722,100,-0.332887,46,48,20,10,-0.007566,0.554455
过程,-0.012544,0.036387,-0.081964,0.070339,100,-0.344731,209,410,0,5,-0.002404,0.574257
证实,-0.012829,0.039534,-0.090533,0.060794,100,-0.324507,119,219,0,7,0.007262,0.633663
士兵,-0.013204,0.038713,-0.089287,0.055511,100,-0.341075,977,616,18,5,-0.002446,0.594059
汉子,-0.013241,0.040378,-0.088700,0.062681,100,-0.327918,329,418,3,7,-0.006945,0.544554
专心,-0.013346,0.038475,-0.082336,0.074344,100,-0.346865,64,98,1,6,0.003173,0.584158
学问,-0.013509,0.033800,-0.075148,0.055254,100,-0.399672,134,193,4,5,-0.000218,0.623762
玻璃,-0.013932,0.042306,-0.094225,0.058759,100,-0.329315,247,344,3,7,-0.002000,0.603960
思绪,-0.014019,0.040574,-0.093923,0.059603,100,-0.345525,88,137,7,8,0.001714,0.633663
眼皮,-0.014264,0.037237,-0.084853,0.052423,100,-0.383060,241,198,8,5,-0.003546,0.584158
主人,-0.014271,0.039358,-0.089596,0.063212,100,-0.362583,355,539,4,10,-0.007777,0.524752
车间,-0.014519,0.033355,-0.082104,0.049342,100,-0.435302,435,717,13,15,-0.003813,0.584158
工厂,-0.015580,0.041100,-0.097593,0.064408,100,-0.379075,403,507,6,6,-0.003077,0.564356
种子,-0.015940,0.041861,-0.090733,0.063343,100,-0.380782,171,144,6,9,-0.001146,0.584158
闷气,-0.016275,0.036236,-0.079271,0.052698,100,-0.449142,73,39,23,13,-0.000414,0.623762
笑意,-0.016374,0.039333,-0.089786,0.060778,100,-0.416297,132,107,4,7,0.003882,0.633663
方案,-0.016485,0.038590,-0.096186,0.043088,100,-0.427196,162,320,6,13,0.004999,0.643564
处境,-0.017003,0.041461,-0.089463,0.065309,100,-0.410082,166,232,4,6,0.000514,0.623762
老李,-0.017155,0.041372,-0.094108,0.054332,100,-0.414644,113,342,1,7,0.010034,0.702970
热气,-0.017214,0.036176,-0.084746,0.043670,100,-0.475835,214,174,11,5,0.006033,0.653465
亮光,-0.017265,0.044782,-0.105427,0.072255,100,-0.385544,86,105,1,8,-0.002393,0.603960
伤痕,-0.017391,0.036323,-0.087391,0.039683,100,-0.478793,79,70,4,9,0.001804,0.633663
脾气,-0.017452,0.040356,-0.087430,0.057003,100,-0.432439,617,529,6,7,-0.003527,0.613861
婆婆,-0.017495,0.040420,-0.095975,0.054523,100,-0.432832,479,422,7,7,-0.001427,0.643564
火烧,-0.017757,0.035689,-0.083674,0.056400,100,-0.497553,186,137,16,8,0.010671,0.683168
积压,-0.017805,0.035928,-0.083515,0.052603,100,-0.495579,32,28,19,8,-0.002679,0.574257
年轻人,-0.018016,0.037015,-0.090819,0.046644,100,-0.486732,636,658,17,11,-0.000830,0.623762
毛泽东,-0.018232,0.038498,-0.082522,0.059689,100,-0.473597,156,1178,0,23,-0.004524,0.613861
泪水,-0.018291,0.035441,-0.072959,0.064008,100,-0.516097,481,703,65,113,-0.000361,0.653465
伤心,-0.018470,0.039119,-0.091301,0.057039,100,-0.472146,319,336,9,9,-0.004113,0.594059
经历,-0.018564,0.040504,-0.099059,0.055830,100,-0.458322,313,642,6,16,0.000261,0.643564
甘心,-0.018695,0.041224,-0.103496,0.053122,100,-0.453507,198,135,2,7,0.001564,0.633663
体贴,-0.018961,0.037760,-0.108483,0.044560,100,-0.502156,87,109,1,5,0.000042,0.584158
爸爸,-0.019297,0.037242,-0.101022,0.052531,100,-0.518142,1801,1817,31,47,0.002121,0.643564
电话,-0.019753,0.039084,-0.102641,0.064341,100,-0.505398,871,2751,12,48,0.010515,0.722772
老人,-0.020419,0.037714,-0.102264,0.057301,100,-0.541418,1463,1879,47,35,-0.006786,0.643564
点儿,-0.020569,0.041872,-0.116608,0.058339,100,-0.491250,534,425,8,13,-0.000245,0.633663
夫妻,-0.020753,0.042753,-0.108146,0.054484,100,-0.485419,196,402,3,6,0.002037,0.633663
名字,-0.021011,0.041619,-0.092059,0.062082,100,-0.504836,982,1271,27,17,-0.009846,0.544554
冰块,-0.021112,0.040252,-0.094988,0.048052,100,-0.524490,22,46,1,5,0.003889,0.663366
姑妈,-0.021162,0.040998,-0.110552,0.054352,100,-0.516181,81,409,1,16,0.001460,0.673267
屋子,-0.021314,0.040306,-0.098501,0.055243,100,-0.528802,594,434,8,8,-0.017334,0.554455
景象,-0.021433,0.043189,-0.112972,0.051152,100,-0.496260,198,243,9,8,-0.007159,0.544554
好人,-0.021472,0.036735,-0.087215,0.051858,100,-0.584509,498,328,9,14,0.000506,0.653465
老头,-0.021676,0.041705,-0.095918,0.070989,100,-0.519735,1145,884,17,18,-0.007487,0.584158
仇恨,-0.021685,0.034743,-0.080216,0.040399,100,-0.624162,462,261,108,32,-0.001246,0.653465
机关,-0.021989,0.032929,-0.084226,0.043321,100,-0.667768,343,355,3,5,0.007403,0.742574
距离,-0.022274,0.039505,-0.095156,0.055612,100,-0.563833,285,348,2,5,0.004897,0.653465
角落里,-0.022673,0.038901,-0.098371,0.044025,100,-0.582828,135,139,1,5,-0.002465,0.633663
双手,-0.022745,0.036689,-0.095228,0.039251,100,-0.619926,782,1268,14,22,-0.001189,0.633663
村里人,-0.023179,0.039103,-0.097519,0.051393,100,-0.592761,197,328,4,8,-0.001129,0.643564
发麻,-0.023202,0.034704,-0.090869,0.030946,100,-0.668563,29,26,0,7,0.004137,0.702970
习惯,-0.023227,0.039687,-0.099992,0.052697,100,-0.585254,645,795,7,9,-0.003867,0.564356
波涛,-0.023427,0.038431,-0.093799,0.041273,100,-0.609582,61,59,5,8,0.008523,0.712871
思念,-0.023530,0.037303,-0.090495,0.055268,100,-0.630782,48,141,2,14,0.004939,0.693069
教导员,-0.023552,0.035390,-0.077840,0.040644,100,-0.665512,201,264,2,11,-0.002751,0.673267
小猫,-0.023720,0.033873,-0.085135,0.041763,100,-0.700278,31,94,0,5,0.000269,0.643564
内容,-0.023784,0.035139,-0.082242,0.040286,100,-0.676869,298,455,3,10,-0.000119,0.653465
大家,-0.024156,0.042201,-0.091649,0.060226,100,-0.572391,7802,4499,141,76,-0.005014,0.663366
目标,-0.024541,0.037087,-0.093227,0.050721,100,-0.661723,454,363,6,6,0.007389,0.742574
凝视着,-0.024545,0.040808,-0.102784,0.050838,100,-0.601481,173,148,9,7,-0.002908,0.623762
老人家,-0.024602,0.035967,-0.087313,0.046858,100,-0.684004,542,365,17,10,-0.009116,0.594059
丈夫,-0.024805,0.037335,-0.103589,0.048324,100,-0.664391,746,1558,18,41,0.004057,0.702970
外表,-0.024926,0.039271,-0.115365,0.045221,100,-0.634711,116,86,21,11,-0.001783,0.623762
个人,-0.024984,0.041415,-0.092685,0.046025,100,-0.603256,3323,2735,95,52,-0.002209,0.673267
人家,-0.025336,0.038024,-0.090423,0.057712,100,-0.666313,5466,4010,84,49,0.004828,0.702970
笑容,-0.025628,0.035335,-0.096456,0.039488,100,-0.725271,610,493,27,24,0.002810,0.693069
地向,-0.025774,0.033836,-0.079101,0.043313,100,-0.761739,852,386,8,5,0.000883,0.643564
建议,-0.025881,0.041984,-0.113651,0.048387,100,-0.616467,381,547,4,5,0.000442,0.653465
巴掌,-0.025891,0.036865,-0.088165,0.044513,100,-0.702331,207,209,5,6,-0.002816,0.673267
娃娃,-0.026030,0.041229,-0.090566,0.060375,100,-0.631342,199,444,0,9,-0.009363,0.633663
思路,-0.026213,0.038646,-0.102329,0.049100,100,-0.678304,125,243,3,6,0.001733,0.673267
兴趣,-0.026293,0.040800,-0.105504,0.046518,100,-0.644445,456,502,8,9,0.003350,0.673267
小脚,-0.026308,0.042175,-0.105495,0.060315,100,-0.623784,52,116,1,5,0.004014,0.702970
台阶,-0.026394,0.036843,-0.102978,0.039952,100,-0.716390,320,297,3,5,-0.013882,0.534653
议论,-0.026642,0.039823,-0.108409,0.045451,100,-0.669007,629,510,21,8,-0.008729,0.613861
空气,-0.026664,0.035672,-0.104727,0.032476,100,-0.747486,428,532,5,11,-0.000503,0.693069
梁家,-0.027008,0.035059,-0.092260,0.037496,100,-0.770357,75,140,1,9,0.005685,0.633663
小事,-0.027294,0.041517,-0.095694,0.051206,100,-0.657420,203,236,2,5,0.000181,0.732673
婚事,-0.027468,0.038940,-0.106946,0.042115,100,-0.705387,68,103,7,5,0.000990,0.683168
同学,-0.027681,0.031577,-0.084412,0.027674,100,-0.876621,767,759,0,10,0.004306,0.673267
客气,-0.028161,0.040030,-0.105042,0.045359,100,-0.703502,533,610,8,9,-0.001456,0.683168
葫芦,-0.028419,0.041359,-0.111874,0.042289,100,-0.687122,137,410,2,5,-0.001187,0.683168
宋家,-0.028668,0.042435,-0.107091,0.043674,100,-0.675577,44,217,0,7,0.000502,0.722772
女婿,-0.029414,0.039128,-0.111209,0.048945,100,-0.751748,207,395,5,13,-0.005556,0.633663
政治,-0.029435,0.036035,-0.099120,0.049503,100,-0.816863,746,853,5,8,0.004759,0.722772
性子,-0.029542,0.036952,-0.115541,0.030405,100,-0.799471,305,197,5,6,0.002421,0.742574
绞痛,-0.029832,0.030800,-0.087064,0.024619,100,-0.968562,27,11,16,5,-0.003794,0.722772
小孩,-0.029839,0.041581,-0.106388,0.044118,100,-0.717618,425,382,3,7,-0.007555,0.663366
有点,-0.030314,0.041342,-0.104923,0.057748,100,-0.733259,3098,2596,220,115,-0.011117,0.663366
火热,-0.030350,0.040791,-0.098090,0.047933,100,-0.744055,137,67,15,7,0.004702,0.732673
哥哥,-0.030614,0.040572,-0.097576,0.058064,100,-0.754551,900,1459,24,33,0.003882,0.712871
压制,-0.030653,0.037506,-0.102725,0.050508,100,-0.817297,58,68,6,5,0.003175,0.693069
事业,-0.030702,0.038903,-0.087364,0.049013,100,-0.789192,360,402,6,7,-0.001248,0.693069
东海,-0.030970,0.041354,-0.111159,0.039054,100,-0.748892,202,380,7,7,0.005310,0.742574
口气,-0.031327,0.042567,-0.115188,0.051189,100,-0.735943,1268,903,38,24,0.000381,0.712871
热情,-0.031453,0.036690,-0.098674,0.047527,100,-0.857259,866,484,34,14,0.000820,0.712871
这番话,-0.031595,0.040826,-0.109693,0.041050,100,-0.773876,167,114,16,5,-0.006416,0.732673
表情,-0.031859,0.032234,-0.097024,0.030644,100,-0.988367,642,804,42,21,0.000124,0.742574
长辈,-0.032462,0.040268,-0.123007,0.041436,100,-0.806151,64,95,0,6,-0.007367,0.653465
动作,-0.032533,0.034870,-0.114802,0.028418,100,-0.932990,585,570,16,15,-0.001980,0.643564
婚姻,-0.032691,0.036473,-0.096399,0.040461,100,-0.896308,135,214,1,5,0.008235,0.762376
好事,-0.032749,0.039977,-0.104122,0.038657,100,-0.819211,273,311,1,5,0.004394,0.742574
嘴唇,-0.032987,0.041044,-0.114139,0.038825,100,-0.803693,816,748,22,13,-0.004889,0.712871
动手,-0.033100,0.044175,-0.119260,0.045678,100,-0.749293,744,430,4,6,-0.005379,0.732673
床边,-0.033219,0.041873,-0.111638,0.046702,100,-0.793340,175,207,3,5,0.001701,0.673267
客厅,-0.033258,0.039096,-0.110794,0.036152,100,-0.850675,434,435,2,9,-0.007451,0.653465
火花,-0.033259,0.038054,-0.097389,0.035792,100,-0.873991,82,62,9,5,0.002565,0.712871
记起,-0.033893,0.040274,-0.107024,0.034603,100,-0.841574,92,245,1,10,-0.003447,0.673267
头脑,-0.033893,0.040076,-0.119228,0.040952,100,-0.845736,401,302,14,10,-0.000287,0.693069
饭碗,-0.033986,0.040820,-0.114538,0.040615,100,-0.832580,217,193,4,5,-0.005955,0.693069
理由,-0.034023,0.040215,-0.109509,0.033138,100,-0.846024,443,556,10,8,-0.005358,0.732673
田野,-0.034120,0.036442,-0.104180,0.033213,100,-0.936290,254,269,5,5,0.005577,0.752475
被窝,-0.034495,0.037273,-0.111094,0.034976,100,-0.925465,264,331,3,5,0.000552,0.712871
全身,-0.034514,0.039036,-0.114792,0.035279,100,-0.884142,743,483,34,25,-0.001288,0.722772
影子,-0.034537,0.047967,-0.108518,0.067116,100,-0.720024,628,441,54,13,-0.001739,0.722772
鸡蛋,-0.034931,0.040351,-0.120254,0.036274,100,-0.865676,315,373,6,8,-0.004546,0.693069
磨盘,-0.034953,0.039644,-0.108779,0.034891,100,-0.881662,30,41,0,6,-0.003326,0.693069
语调,-0.034971,0.036819,-0.103729,0.043838,100,-0.949788,106,134,1,5,0.003996,0.722772
星光,-0.035052,0.034946,-0.098212,0.021319,100,-1.003054,112,79,0,5,-0.002291,0.712871
用力,-0.035773,0.036316,-0.102870,0.023519,100,-0.985067,652,509,11,9,-0.000441,0.732673
整理,-0.036057,0.040918,-0.115942,0.044517,100,-0.881183,280,234,2,6,0.000297,0.762376
湿润,-0.036084,0.033828,-0.103063,0.026227,100,-1.066671,70,88,2,10,-0.001926,0.732673
活儿,-0.036119,0.040456,-0.121471,0.040021,100,-0.892796,368,401,4,6,-0.002554,0.693069
院子,-0.036195,0.040013,-0.111193,0.040596,100,-0.904572,1943,1588,16,17,-0.006728,0.732673
风暴,-0.036229,0.037923,-0.103669,0.031381,100,-0.955327,100,78,3,9,0.004871,0.722772
别提,-0.036283,0.046486,-0.118861,0.052900,100,-0.780505,100,72,4,8,0.002854,0.712871
平原,-0.036335,0.037742,-0.099831,0.039859,100,-0.962736,261,643,4,7,0.007263,0.722772
鼻子,-0.036574,0.040057,-0.114882,0.033063,100,-0.913053,875,775,28,12,-0.004890,0.722772
关心,-0.036699,0.039436,-0.117528,0.046737,100,-0.930597,591,552,15,13,-0.001706,0.732673
问话,-0.037128,0.034232,-0.098494,0.041468,100,-1.084585,135,151,3,8,-0.011392,0.653465
刀子,-0.037222,0.037314,-0.115301,0.032001,100,-0.997542,316,217,18,11,0.002014,0.762376
小子,-0.037516,0.038189,-0.114509,0.035889,100,-0.982380,788,637,31,19,-0.002063,0.742574
结论,-0.037928,0.036851,-0.108829,0.020699,100,-1.029222,134,201,5,8,-0.004170,0.712871
脸贴,-0.038117,0.036860,-0.099604,0.033009,100,-1.034121,7,29,0,5,0.007955,0.772277
暖流,-0.038290,0.035401,-0.118670,0.027623,100,-1.081615,20,26,7,13,0.001948,0.752475
过头,-0.038496,0.042232,-0.127149,0.041334,100,-0.911547,398,374,4,5,0.004445,0.811881
亲生,-0.038582,0.039754,-0.111460,0.035716,100,-0.970511,68,77,2,7,0.002470,0.772277
战争,-0.039012,0.037197,-0.113868,0.021257,100,-1.048786,450,520,5,5,0.006043,0.772277
车子,-0.039476,0.036348,-0.115348,0.020082,100,-1.086060,640,534,10,12,-0.006793,0.693069
心想,-0.039942,0.043370,-0.112947,0.057992,100,-0.920951,636,559,25,22,-0.001170,0.792079
剪刀,-0.040196,0.036661,-0.114492,0.029400,100,-1.096411,119,144,1,6,0.006563,0.772277
同事,-0.040478,0.038269,-0.107008,0.038798,100,-1.057738,85,283,1,6,0.003081,0.762376
地站,-0.040533,0.037356,-0.106720,0.031178,100,-1.085050,438,367,11,5,-0.005875,0.742574
滋味儿,-0.040596,0.037709,-0.110874,0.031601,100,-1.076584,39,34,6,9,-0.001501,0.712871
气愤,-0.041480,0.035071,-0.104897,0.020337,100,-1.182754,320,165,41,14,0.005107,0.821782
房子,-0.041670,0.033232,-0.096678,0.022180,100,-1.253914,1176,1651,6,19,-0.010452,0.752475
小伙子,-0.041698,0.041569,-0.113079,0.037805,100,-1.003089,917,722,23,14,-0.006605,0.693069
蒋介石,-0.041828,0.040652,-0.110089,0.039630,100,-1.028906,517,341,8,11,-0.001329,0.722772
后山,-0.042395,0.039185,-0.131609,0.025588,100,-1.081901,67,100,0,5,0.003762,0.821782
个底,-0.042484,0.036235,-0.113661,0.029297,100,-1.172455,50,37,7,6,-0.001836,0.752475
书记,-0.042529,0.040993,-0.120148,0.027692,100,-1.037466,977,3477,18,78,-0.002930,0.712871
学校,-0.042772,0.039760,-0.112382,0.032840,100,-1.075768,1072,1573,3,14,0.001320,0.752475
会议,-0.043112,0.036828,-0.111135,0.026431,100,-1.170641,896,775,11,7,-0.004925,0.722772
话说,-0.043176,0.035469,-0.101796,0.036402,100,-1.217273,628,606,34,18,-0.006416,0.722772
指头,-0.043220,0.044687,-0.122189,0.056482,100,-0.967166,284,325,4,6,-0.008491,0.712871
发酸,-0.043695,0.037178,-0.118890,0.019419,100,-1.175279,44,54,14,15,0.004526,0.792079
声响,-0.043851,0.038211,-0.112142,0.029363,100,-1.147579,377,430,3,8,0.004760,0.841584
大大的,-0.044149,0.040038,-0.123480,0.025630,100,-1.102684,253,100,5,6,-0.002312,0.801980
窝囊气,-0.044271,0.034158,-0.106751,0.024175,100,-1.296098,34,16,1,5,-0.001622,0.762376
字眼,-0.044346,0.039396,-0.127123,0.032111,100,-1.125668,56,68,3,5,-0.010646,0.663366
信任,-0.044710,0.039776,-0.114452,0.039099,100,-1.124019,421,336,16,9,0.004985,0.792079
表面,-0.044783,0.035915,-0.109830,0.025723,100,-1.246917,310,351,57,44,-0.000089,0.762376
子弹,-0.044865,0.040896,-0.119271,0.023010,100,-1.097056,1279,515,17,9,0.013015,0.782178
嘴巴,-0.044998,0.039975,-0.126188,0.019869,100,-1.125667,565,552,16,14,-0.004698,0.722772
盼望着,-0.045334,0.037013,-0.105688,0.030196,100,-1.224815,35,51,1,7,0.003173,0.752475
见面,-0.045352,0.039852,-0.124439,0.022126,100,-1.138007,681,756,18,13,-0.007463,0.792079
情绪,-0.045439,0.035789,-0.120232,0.015388,100,-1.269624,1005,875,72,60,0.001793,0.782178
工人,-0.046100,0.040631,-0.133768,0.024860,100,-1.134589,1928,1575,17,18,-0.005330,0.762376
屁股,-0.046148,0.034058,-0.109840,0.020466,100,-1.354985,761,1018,11,12,0.007952,0.792079
神色,-0.046203,0.037089,-0.112045,0.029936,100,-1.245708,476,345,22,18,0.000750,0.811881
烈火,-0.046654,0.033079,-0.114104,0.016789,100,-1.410373,136,48,25,6,0.003340,0.792079
张望,-0.046843,0.037747,-0.116131,0.028685,100,-1.240990,217,213,2,5,-0.007234,0.742574
奶奶,-0.047159,0.043353,-0.117847,0.034775,100,-1.087778,1807,1770,55,59,-0.003955,0.831683
孩子,-0.047448,0.040010,-0.113563,0.034854,100,-1.185891,4947,5110,124,74,-0.007396,0.693069
手掌,-0.048351,0.044604,-0.131308,0.037380,100,-1.084005,214,224,11,6,-0.002222,0.801980
责备,-0.048364,0.033002,-0.112707,0.005705,100,-1.465467,219,163,8,13,-0.003867,0.792079
事情,-0.048642,0.040517,-0.129873,0.021731,100,-1.200522,4530,4270,112,92,0.003704,0.801980
眼光,-0.048675,0.036897,-0.124857,0.023601,100,-1.319220,1346,553,26,17,-0.006867,0.742574
百感交集,-0.049110,0.037209,-0.117968,0.019634,100,-1.319826,15,28,3,7,-0.006100,0.782178
姐夫,-0.049334,0.042277,-0.137572,0.035697,100,-1.166927,239,330,8,9,0.001162,0.782178
子来,-0.049344,0.040967,-0.123810,0.029659,100,-1.204488,393,227,4,6,-0.006555,0.782178
疑团,-0.049777,0.034327,-0.115721,0.017855,100,-1.450074,20,19,13,11,-0.005930,0.782178
主意,-0.049788,0.035417,-0.111438,0.019833,100,-1.405757,1232,839,69,35,-0.004754,0.782178
态度,-0.050247,0.036379,-0.118176,0.018816,100,-1.381204,1098,929,24,20,0.003688,0.811881
窝火,-0.050478,0.038470,-0.131175,0.014305,100,-1.312160,22,15,6,7,0.010176,0.851485
大姐,-0.051034,0.040222,-0.123671,0.019402,100,-1.268805,470,416,10,7,-0.003528,0.742574
人群,-0.051099,0.040305,-0.131320,0.032117,100,-1.267827,1161,1032,17,13,-0.000732,0.801980
大哥,-0.051273,0.040776,-0.125185,0.028655,100,-1.257427,1082,1006,9,24,-0.002748,0.742574
话语,-0.051643,0.042715,-0.135214,0.029288,100,-1.209021,139,131,14,5,-0.003292,0.811881
办公室,-0.051701,0.037888,-0.127465,0.010047,100,-1.364578,818,1220,11,12,-0.000696,0.782178
生气,-0.052443,0.038534,-0.130961,0.013203,100,-1.360956,1038,869,54,36,0.000528,0.841584
传说,-0.052913,0.040688,-0.125192,0.016217,100,-1.300448,180,255,3,6,0.002074,0.821782
日子,-0.053128,0.039808,-0.146229,0.018402,100,-1.334615,2147,2103,30,48,-0.000831,0.841584
老太太,-0.053522,0.037410,-0.121470,0.015987,100,-1.430692,655,499,13,6,-0.005901,0.821782
秘密,-0.053890,0.037447,-0.117696,0.028994,100,-1.439089,907,544,42,34,0.008079,0.851485
兄弟,-0.053906,0.036253,-0.112116,0.030909,100,-1.486950,1337,1176,14,15,-0.004322,0.841584
笑声,-0.054091,0.036353,-0.129301,0.013898,100,-1.487933,472,310,10,7,-0.000740,0.782178
对话,-0.054364,0.036846,-0.132203,0.015393,100,-1.475429,81,162,3,5,-0.001580,0.792079
家伙,-0.054522,0.036403,-0.128449,0.010964,100,-1.497732,1838,731,51,14,-0.007024,0.801980
低头,-0.054687,0.041722,-0.133061,0.023717,100,-1.310756,490,494,14,10,-0.002955,0.821782
假装,-0.054923,0.040556,-0.134233,0.021698,100,-1.354231,212,137,9,5,0.005966,0.871287
嗓子,-0.055458,0.037984,-0.120736,0.020896,100,-1.460043,544,374,28,14,-0.003208,0.811881
机会,-0.055670,0.037680,-0.119564,0.023609,100,-1.477446,1265,1342,28,14,0.001591,0.900990
光彩,-0.055674,0.034296,-0.118271,0.015902,100,-1.623327,239,204,10,15,-0.002653,0.831683
土地,-0.056498,0.039841,-0.125728,0.017110,100,-1.418059,1272,665,18,7,-0.006082,0.831683
老头子,-0.056606,0.043606,-0.141396,0.031907,100,-1.298119,680,399,23,11,-0.004740,0.801980
面孔,-0.056843,0.036580,-0.128478,-0.002043,100,-1.553947,587,424,27,14,-0.010170,0.811881
办事,-0.056885,0.039573,-0.120120,0.003583,100,-1.437471,655,370,8,7,-0.008451,0.782178
一家人,-0.057028,0.043163,-0.131191,0.046271,100,-1.321226,399,452,6,9,-0.000449,0.871287
脑门,-0.057189,0.036753,-0.123282,0.013017,100,-1.556047,149,113,7,5,0.002448,0.841584
眼角,-0.057255,0.035042,-0.124480,0.011757,100,-1.633890,206,189,13,5,-0.005433,0.782178
时候,-0.057817,0.036423,-0.133261,0.008582,100,-1.587357,9976,10517,180,260,0.007249,0.881188
方面,-0.057933,0.039513,-0.130166,0.033802,100,-1.466183,961,842,7,7,0.001336,0.831683
火气,-0.058268,0.036032,-0.120396,0.016401,100,-1.617106,181,129,29,20,0.007605,0.851485
姐姐,-0.058402,0.035562,-0.130300,-0.000261,100,-1.642259,1030,1094,26,35,0.001089,0.821782
老汉,-0.058465,0.033370,-0.111782,0.008130,100,-1.751990,1807,905,46,37,-0.005392,0.801980
农村,-0.058587,0.040239,-0.145981,0.003703,100,-1.455971,547,632,4,9,-0.004823,0.801980
拳头,-0.058826,0.036223,-0.123366,0.019838,100,-1.623996,687,372,20,13,0.000192,0.801980
月亮,-0.059059,0.039622,-0.142105,0.024864,100,-1.490557,337,437,2,13,-0.000077,0.811881
脑袋,-0.059257,0.042364,-0.132425,0.026918,100,-1.398755,1959,1324,42,23,-0.004178,0.801980
分量,-0.059735,0.040824,-0.143243,0.018125,100,-1.463236,211,174,24,15,-0.002581,0.811881
石头,-0.059834,0.036193,-0.114112,0.003058,100,-1.653195,927,916,52,32,-0.002754,0.821782
脚步声,-0.060047,0.037894,-0.145868,0.010314,100,-1.584616,553,296,5,6,0.002362,0.841584
暗想,-0.060097,0.040494,-0.142065,0.011561,100,-1.484107,204,47,96,18,-0.005955,0.871287
压上,-0.060104,0.037013,-0.130699,0.018282,100,-1.623873,31,19,7,8,0.001214,0.821782
神情,-0.060431,0.037942,-0.138140,0.007662,100,-1.592707,818,479,39,18,-0.000228,0.871287
宝贝,-0.060671,0.042313,-0.144015,0.029074,100,-1.433885,142,183,2,6,0.007556,0.930693
方向,-0.061850,0.038122,-0.138506,0.013158,100,-1.622403,913,758,9,11,-0.003194,0.831683
红军,-0.062483,0.040573,-0.140163,0.015605,100,-1.540009,1695,724,16,7,0.006550,0.811881
环境,-0.062789,0.034912,-0.127393,-0.006065,100,-1.798499,315,397,4,5,-0.001431,0.871287
极力,-0.062825,0.043867,-0.149418,0.026896,100,-1.432159,136,143,13,7,0.002788,0.900990
明朗,-0.063716,0.037486,-0.139989,-0.002202,100,-1.699736,89,51,3,5,0.002013,0.861386
嘴上,-0.064733,0.042155,-0.141426,0.018917,100,-1.535604,380,278,106,86,0.000747,0.881188
含着泪,-0.065399,0.040931,-0.145157,0.000907,100,-1.597809,57,26,21,9,-0.001096,0.891089
火柴,-0.065775,0.038209,-0.140704,0.000673,100,-1.721470,199,204,3,6,0.001731,0.891089
大儿子,-0.065842,0.037446,-0.142094,-0.003589,100,-1.758307,107,131,1,8,-0.000430,0.861386
小孩子,-0.065928,0.041760,-0.137251,0.003271,100,-1.578751,478,246,8,5,-0.006551,0.821782
椅子,-0.066033,0.034581,-0.125588,-0.006828,100,-1.909502,506,665,7,6,-0.000127,0.871287
长大,-0.066303,0.039039,-0.147183,0.001629,100,-1.698353,398,563,8,6,-0.004677,0.881188
自豪,-0.066325,0.039796,-0.143697,0.012857,100,-1.666633,186,129,21,15,0.001420,0.851485
眼泪,-0.066713,0.035705,-0.124754,-0.004195,100,-1.868456,1151,1155,73,41,-0.003981,0.891089
消息,-0.067074,0.046175,-0.155017,0.009859,100,-1.452584,1560,1000,38,17,0.003031,0.881188
故乡,-0.067258,0.036277,-0.133214,0.005404,100,-1.854024,93,147,3,5,-0.004942,0.831683
故事,-0.067258,0.042424,-0.149129,-0.002104,100,-1.585368,531,919,17,16,0.002249,0.861386
泪花,-0.067621,0.037185,-0.139589,0.006163,100,-1.818493,101,78,43,29,-0.003260,0.831683
时刻,-0.067816,0.043077,-0.150711,0.013078,100,-1.574289,510,591,23,17,-0.004672,0.881188
计划,-0.068726,0.040963,-0.143473,0.014150,100,-1.677739,1286,620,18,17,0.000922,0.871287
疼爱,-0.068866,0.038842,-0.141808,0.011892,100,-1.772954,83,57,10,5,-0.002823,0.891089
响声,-0.069833,0.037210,-0.142938,-0.001144,100,-1.876707,431,229,6,7,0.003071,0.881188
亲人,-0.069899,0.034117,-0.131656,-0.011072,100,-2.048813,446,294,14,11,-0.005088,0.861386
地问,-0.070107,0.037187,-0.139811,-0.009711,100,-1.885231,940,665,15,6,0.003210,0.891089
眼眶,-0.070114,0.036254,-0.135884,0.004738,100,-1.933974,83,114,6,5,-0.008804,0.881188
日本,-0.070163,0.036723,-0.133889,0.003428,100,-1.910607,2415,1462,28,10,0.001427,0.891089
乌云,-0.070339,0.039902,-0.141238,0.000746,100,-1.762788,176,103,12,7,0.000461,0.900990
老王,-0.070378,0.043157,-0.147178,0.003439,100,-1.630730,438,367,8,7,-0.006093,0.861386
哭声,-0.071328,0.041805,-0.154762,0.013713,100,-1.706213,217,278,5,6,-0.002400,0.861386
寻思,-0.071634,0.033431,-0.132690,-0.009154,100,-2.142749,251,122,15,8,-0.000604,0.910891
老先生,-0.072056,0.041847,-0.144186,0.000198,100,-1.721920,87,348,0,8,-0.002897,0.940594
生长,-0.072774,0.041462,-0.146051,0.011089,100,-1.755197,122,155,3,9,-0.005513,0.851485
屋顶,-0.074429,0.038152,-0.146710,-0.004098,100,-1.950864,251,347,2,5,0.004057,0.881188
潮水,-0.074746,0.042821,-0.143095,0.002428,100,-1.745543,68,44,9,5,-0.000317,0.900990
事体,-0.074749,0.041290,-0.157842,0.004557,100,-1.810341,1133,254,26,7,-0.006457,0.871287
情景,-0.074835,0.038069,-0.135179,0.003038,100,-1.965792,591,520,76,37,-0.011590,0.871287
夫妇,-0.075111,0.037805,-0.156490,-0.007637,100,-1.986816,214,265,8,5,-0.006494,0.861386
同情,-0.075802,0.041833,-0.153201,0.012458,100,-1.812011,468,343,21,16,0.001133,0.871287
先生,-0.076128,0.034114,-0.143191,-0.002435,100,-2.231557,1210,2048,15,29,-0.005630,0.881188
个数,-0.076302,0.034673,-0.137130,-0.007506,100,-2.200621,39,19,22,5,-0.001452,0.861386
一番话,-0.076404,0.037914,-0.147648,0.001161,100,-2.015194,98,77,14,8,-0.006553,0.920792
朋友,-0.076898,0.037920,-0.137662,0.005387,100,-2.027901,1247,1674,20,29,-0.002047,0.940594
连着,-0.077083,0.040118,-0.165589,-0.008303,100,-1.921390,207,193,4,6,0.000921,0.861386
胸脯,-0.077551,0.039537,-0.160454,-0.005204,100,-1.961465,499,368,12,6,0.000302,0.861386
封信,-0.078004,0.036848,-0.145041,-0.000856,100,-2.116924,291,288,9,6,-0.004641,0.960396
热流,-0.078732,0.034449,-0.132601,-0.007902,100,-2.285494,29,23,13,7,0.000266,0.881188
大方,-0.078772,0.042210,-0.153017,0.013067,100,-1.866176,219,139,2,5,0.001290,0.910891
儿子,-0.078808,0.041789,-0.163063,0.013938,100,-1.885877,2703,3866,63,98,-0.006647,0.891089
团长,-0.079417,0.030040,-0.141029,-0.015990,100,-2.643734,1491,378,21,6,-0.000464,0.891089
责任,-0.080240,0.040706,-0.157255,-0.003959,100,-1.971194,698,617,5,8,0.003574,0.871287
手指,-0.080491,0.034547,-0.146062,-0.014116,100,-2.329915,535,729,7,14,-0.003620,0.891089
指指,-0.081728,0.044740,-0.149908,0.003239,100,-1.826736,201,143,6,5,-0.002017,0.900990
神气,-0.083402,0.036409,-0.148857,-0.004504,100,-2.290720,552,106,18,5,-0.008980,0.891089
好象,-0.083509,0.040234,-0.159265,-0.005495,100,-2.075595,866,316,41,8,-0.004528,0.920792
关系,-0.083690,0.040124,-0.157054,-0.015474,100,-2.085765,1692,1826,11,26,0.005092,0.930693
政策,-0.083792,0.042920,-0.164478,0.002315,100,-1.952307,707,553,2,5,0.001096,0.871287
坏事,-0.083819,0.043361,-0.165312,-0.003700,100,-1.933033,348,183,10,6,0.006658,0.940594
衣袋,-0.084965,0.035602,-0.152046,-0.001366,100,-2.386539,236,114,1,5,-0.004782,0.910891
毛巾,-0.085080,0.038398,-0.159010,-0.019616,100,-2.215761,215,349,4,5,-0.002648,0.920792
眼睛,-0.085489,0.029901,-0.139071,-0.035279,100,-2.859084,6711,5106,186,108,-0.004994,0.900990
火苗,-0.085631,0.037609,-0.166153,-0.019949,100,-2.276854,126,140,14,13,-0.000490,0.900990
老实,-0.086277,0.041994,-0.169646,0.010045,100,-2.054484,708,375,25,6,-0.000794,0.910891
村子,-0.086344,0.041538,-0.160120,-0.004306,100,-2.078661,1036,598,7,6,-0.008004,0.891089
感情,-0.087969,0.033691,-0.142867,-0.025407,100,-2.611058,1021,985,98,50,-0.002092,0.930693
思索,-0.088090,0.037192,-0.147635,-0.002170,100,-2.368530,403,215,17,9,-0.003789,0.950495
叔叔,-0.088239,0.036984,-0.159987,-0.017671,100,-2.385882,720,999,11,16,0.000141,0.891089
交情,-0.088320,0.033710,-0.159872,-0.028639,100,-2.619954,98,118,2,5,-0.001976,0.881188
乐意,-0.088827,0.038904,-0.161152,-0.017286,100,-2.283227,203,107,7,7,-0.004208,0.891089
思想,-0.089187,0.040151,-0.160456,-0.006704,100,-2.221305,1952,878,34,20,0.000393,0.940594
家乡,-0.089865,0.040793,-0.179517,-0.022174,100,-2.202931,327,259,10,8,-0.001101,0.910891
事实,-0.090063,0.039724,-0.178216,-0.025141,100,-2.267209,489,410,6,15,0.005295,0.960396
右手,-0.090301,0.036162,-0.158974,-0.025387,100,-2.497129,607,272,13,6,-0.004677,0.930693
问道,-0.090948,0.036773,-0.161571,-0.010497,100,-2.473217,2117,494,23,6,-0.001837,0.930693
命令,-0.090993,0.042485,-0.187364,-0.009016,100,-2.141798,2124,634,14,5,0.001445,0.930693
厂里,-0.091991,0.040288,-0.170159,-0.012030,100,-2.283316,875,421,15,5,0.000516,0.970297
领导,-0.093421,0.040543,-0.183089,-0.031809,100,-2.304239,2111,2418,40,21,0.003214,0.910891
经验,-0.093661,0.041409,-0.168454,-0.017993,100,-2.261829,875,591,7,5,0.008609,0.930693
力量,-0.094143,0.040197,-0.158710,-0.010981,100,-2.342045,1950,664,51,18,0.001715,0.920792
地图,-0.094651,0.035618,-0.152217,-0.029070,100,-2.657412,395,274,4,8,0.001433,0.940594
道理,-0.096000,0.044385,-0.177520,-0.021515,100,-2.162886,1154,800,36,10,-0.003785,0.910891
脸色,-0.096698,0.032951,-0.154372,-0.043897,100,-2.934597,1025,986,33,24,-0.004259,0.950495
声音,-0.097017,0.039674,-0.167597,-0.026458,100,-2.445336,4521,3964,131,79,0.000349,0.950495
神态,-0.097104,0.034148,-0.163886,-0.035993,100,-2.843596,348,186,16,11,-0.004945,0.940594
泪珠,-0.098455,0.037023,-0.161116,-0.034400,100,-2.659251,187,138,36,12,0.002165,0.950495
胳膊,-0.098555,0.035752,-0.171952,-0.035425,100,-2.756630,1220,966,19,12,0.005157,0.920792
信心,-0.098651,0.036924,-0.175607,-0.033129,100,-2.671710,491,214,6,7,0.002813,0.940594
办法,-0.099261,0.038743,-0.161996,-0.032526,100,-2.562054,3768,2071,63,29,0.005684,0.940594
实际,-0.101014,0.040543,-0.171508,-0.023388,100,-2.491528,379,348,10,5,0.000101,0.930693
村庄,-0.101432,0.038383,-0.178035,-0.024148,100,-2.642652,702,429,5,10,-0.007820,0.950495
语气,-0.101937,0.031783,-0.157447,-0.051491,100,-3.207277,453,279,8,5,-0.000836,0.930693
口袋,-0.102515,0.041526,-0.178992,-0.025257,100,-2.468715,815,492,12,7,0.005399,0.940594
妈的,-0.102646,0.034110,-0.167567,-0.034101,100,-3.009245,342,326,19,11,0.001372,0.960396
耳朵,-0.102754,0.042922,-0.194884,-0.022811,100,-2.393938,1331,1111,50,25,-0.000570,0.970297
问题,-0.103259,0.041342,-0.181423,-0.032764,100,-2.497667,5519,5058,113,72,-0.002057,0.930693
首长,-0.103326,0.036578,-0.162835,-0.028893,100,-2.824842,700,544,14,8,0.001242,0.950495
汗水,-0.103958,0.034064,-0.164893,-0.039134,100,-3.051850,346,212,8,7,-0.000970,0.940594
毛主席,-0.104808,0.034831,-0.177728,-0.033689,100,-3.009034,981,358,20,5,-0.002257,0.920792
警告,-0.105041,0.037615,-0.169205,-0.038988,100,-2.792509,240,203,6,5,0.002910,0.960396
田雨,-0.105114,0.036103,-0.182956,-0.032641,100,-2.911460,562,359,21,23,0.001769,0.930693
衣裳,-0.106722,0.042269,-0.177205,-0.021976,100,-2.524798,817,568,10,7,0.006501,0.970297
苦水,-0.107168,0.032368,-0.174089,-0.050545,100,-3.310925,67,25,24,8,-0.004124,0.940594
底儿,-0.108611,0.036433,-0.184206,-0.036950,100,-2.981079,206,47,27,6,0.005064,0.950495
地压,-0.108941,0.035684,-0.174727,-0.044301,100,-3.052910,29,19,7,5,0.004474,0.940594
怒火,-0.108964,0.033217,-0.171605,-0.044727,100,-3.280341,292,87,99,30,-0.000253,0.940594
疙瘩,-0.109238,0.033617,-0.172696,-0.053338,100,-3.249510,317,168,84,36,-0.001985,0.970297
老虎,-0.109529,0.040573,-0.195650,-0.032967,100,-2.699550,563,399,8,6,0.001709,0.950495
农民,-0.111641,0.036853,-0.183858,-0.050584,100,-3.029340,1630,935,23,7,-0.005621,0.970297
尖刀,-0.111798,0.037740,-0.196781,-0.045322,100,-2.962299,79,38,8,9,0.006082,0.970297
劲儿,-0.112042,0.035031,-0.177090,-0.044710,100,-3.198368,785,213,34,7,-0.008001,0.930693
人们,-0.115439,0.042251,-0.192926,-0.047442,100,-2.732201,5688,3987,155,85,-0.003539,0.970297
社员,-0.115620,0.039685,-0.189888,-0.043171,100,-2.913406,1298,366,21,6,-0.000682,0.960396
心情,-0.116018,0.040865,-0.185793,-0.043265,100,-2.839013,1557,1015,40,12,0.004038,0.980198
事儿,-0.117496,0.037809,-0.181590,-0.044494,100,-3.107591,3962,1023,95,34,0.001548,0.970297
老三,-0.120352,0.038433,-0.198420,-0.051387,100,-3.131492,79,194,1,6,-0.001074,1.000000
儿媳妇,-0.122845,0.039855,-0.195086,-0.051771,100,-3.082287,191,126,3,7,0.006701,0.990099
媳妇,-0.122893,0.039775,-0.196227,-0.051581,100,-3.089687,1876,746,38,9,-0.002788,0.980198
桌子,-0.123924,0.037932,-0.187757,-0.053460,100,-3.267033,1361,748,6,5,-0.005794,0.970297
干部,-0.125627,0.042460,-0.207999,-0.045137,100,-2.958731,3152,1802,46,22,0.003998,1.000000
县长,-0.125637,0.033510,-0.181408,-0.062506,100,-3.749247,812,675,10,11,-0.001971,0.950495
情况,-0.126104,0.039551,-0.199370,-0.048766,100,-3.188402,4000,2084,75,21,0.001024,0.980198
大伙,-0.128553,0.044092,-0.210095,-0.059084,100,-2.915565,1489,248,32,11,-0.005062,0.960396
热心,-0.130691,0.037493,-0.209031,-0.050959,100,-3.485744,302,94,7,6,-0.001494,0.970297
肩头,-0.131639,0.038866,-0.199530,-0.057254,100,-3.386990,339,243,3,5,-0.002296,0.970297
形势,-0.131692,0.039891,-0.200507,-0.052437,100,-3.301257,564,311,6,5,0.002761,0.970297
妈妈,-0.132310,0.039249,-0.206414,-0.054688,100,-3.371004,2322,1795,56,65,-0.004436,0.970297
阵地,-0.132326,0.036932,-0.184826,-0.046712,100,-3.582948,895,164,10,8,0.006805,0.990099
联系,-0.132432,0.037670,-0.199643,-0.069157,100,-3.515585,679,544,9,5,0.001531,0.970297
庄稼人,-0.132625,0.039711,-0.210440,-0.058563,100,-3.339730,1156,242,31,5,-0.005332,0.970297
意见,-0.134057,0.041698,-0.211390,-0.048183,100,-3.214954,2658,835,28,11,-0.002268,0.980198
肩膀,-0.138177,0.039068,-0.204196,-0.068344,100,-3.536873,977,655,13,12,-0.002483,0.990099
情形,-0.139785,0.036971,-0.220777,-0.079522,100,-3.780965,921,349,31,10,-0.010262,0.980198
指导员,-0.140689,0.038548,-0.214108,-0.073460,100,-3.649661,638,370,8,7,0.005534,0.990099
讲话,-0.141280,0.037614,-0.208564,-0.071098,100,-3.756018,1073,395,31,8,-0.009646,0.980198
群众,-0.143871,0.038898,-0.210383,-0.061129,100,-3.698713,3225,631,49,8,-0.001760,0.980198
村长,-0.144533,0.037417,-0.217967,-0.065780,100,-3.862795,1242,640,23,5,-0.001100,0.990099
老百姓,-0.145260,0.039748,-0.218017,-0.080874,100,-3.654474,1431,439,16,15,0.005591,0.990099
战士,-0.152153,0.037818,-0.222522,-0.079309,100,-4.023257,4629,700,94,11,0.002609,0.970297
炕上,-0.156697,0.036393,-0.221804,-0.085034,100,-4.305671,1217,462,22,7,-0.008475,1.000000
棉袄,-0.158408,0.034473,-0.219843,-0.086856,100,-4.595093,382,270,4,5,0.003612,1.000000
政委,-0.168963,0.041957,-0.245318,-0.080653,100,-4.027021,892,225,12,5,0.008341,1.000000
报告,-0.170287,0.039979,-0.241832,-0.084280,100,-4.259363,2277,797,25,7,0.003715,1.000000
支书,-0.172895,0.040263,-0.249132,-0.098389,100,-4.294147,1372,292,31,7,0.001127,1.000000
有力,-0.172904,0.041322,-0.252862,-0.098620,100,-4.184263,879,223,16,6,-0.003964,1.000000
班长,-0.175165,0.029553,-0.231487,-0.115851,100,-5.927206,679,289,13,5,0.001252,1.000000
低声,-0.185183,0.034630,-0.235927,-0.114111,100,-5.347401,1202,435,17,10,-0.000372,1.000000
敌人,-0.200319,0.032853,-0.261549,-0.146734,100,-6.097367,12735,653,180,7,0.008749,1.000000
队长,-0.213789,0.038977,-0.291958,-0.139168,100,-5.485012,2839,483,35,5,0.001196,1.000000
同志,-0.219529,0.033688,-0.282471,-0.157011,100,-6.516558,7933,1998,135,12,0.000172,1.000000
大伯,-0.245060,0.044088,-0.332199,-0.146401,100,-5.558429,787,189,20,7,-0.005272,1.000000
